{
    "VoronoiPlanner": {
        "PlanningTime": 19.697822155820518,
        "MinimumClearance": 2.1687467803515244,
        "AverageMinimumClearance": 5.474324367413515,
        "ClearanceVariability": 102.70106833851487,
        "DangerViolations": 0.08016032064128256,
        "TurningAngle": 32.959261048703894,
        "JerkPerMeter": 0.05574595349986957,
        "SuccessRate": 0.916,
        "OptimalDeviation": 0.055450706836253756,
        "PathCost": 27.350457695829526,
        "DistanceToGoal": 2.8004215974490823,
        "OptiSafeIndex": 0.8034672193899378,
        "NodesInPath": 2.2384769539078158
    },
    "AStar": {
        "PlanningTime": 109.74227544761379,
        "MinimumClearance": 1.8759785255849206,
        "AverageMinimumClearance": 5.164602050242667,
        "ClearanceVariability": 115.77003170353089,
        "DangerViolations": 7021.8,
        "TurningAngle": 116.12008300033959,
        "JerkPerMeter": 0.011317543962588831,
        "SuccessRate": 1.0,
        "OptimalDeviation": 0.0,
        "PathCost": 28.092470069564293,
        "DistanceToGoal": 0.0,
        "OptiSafeIndex": 0.5491148345373941,
        "NodesInPath": 4.52
    },
    "RRT": {
        "PlanningTime": 838.1728501530274,
        "MinimumClearance": 1.6371175992888694,
        "AverageMinimumClearance": 4.956392506112913,
        "ClearanceVariability": 103.40534805128337,
        "DangerViolations": 82.36888888888889,
        "TurningAngle": 3016.962141939171,
        "JerkPerMeter": 0.8849080507246462,
        "SuccessRate": 0.9,
        "OptimalDeviation": 0.2824890331823951,
        "PathCost": 34.72010505670021,
        "DistanceToGoal": 0.0,
        "OptiSafeIndex": 0.45556976854370884,
        "NodesInPath": 86.6511111111111
    },
    "UPP": {
        "PlanningTime": 374.10202809012844,
        "MinimumClearance": 1.9720776235225979,
        "AverageMinimumClearance": 5.167320856135628,
        "ClearanceVariability": 112.7470936178452,
        "DangerViolations": 1.0,
        "TurningAngle": 137.88645418103437,
        "JerkPerMeter": 0.01302198053923049,
        "SuccessRate": 1.0,
        "OptimalDeviation": -0.0015195795959545122,
        "PathCost": 28.011686671026997,
        "DistanceToGoal": 0.0,
        "OptiSafeIndex": 0.6554950321343933,
        "NodesInPath": 5.028
    },
    "CBFRRT": {
        "PlanningTime": 858.5115526530724,
        "MinimumClearance": 1.5697466175132517,
        "AverageMinimumClearance": 4.890667096997071,
        "ClearanceVariability": 104.82553666280975,
        "DangerViolations": 77.20179372197309,
        "TurningAngle": 3048.2926938692003,
        "JerkPerMeter": 0.8880356219634378,
        "SuccessRate": 0.892,
        "OptimalDeviation": 0.2831116876041176,
        "PathCost": 34.95907436445303,
        "DistanceToGoal": 0.0,
        "OptiSafeIndex": 0.45405803398347366,
        "NodesInPath": 86.92152466367713
    },
    "FSPlanner": {
        "PlanningTime": 1208.6774938997696,
        "MinimumClearance": 2.215666096065549,
        "AverageMinimumClearance": 5.498047568052687,
        "ClearanceVariability": 103.42516372808622,
        "DangerViolations": 33.62,
        "TurningAngle": 140.16301888534446,
        "JerkPerMeter": 0.008476580121628465,
        "SuccessRate": 1.0,
        "OptimalDeviation": -0.029251266367172433,
        "PathCost": 27.391841703668387,
        "DistanceToGoal": 0.0,
        "OptiSafeIndex": 0.7728526384186539,
        "NodesInPath": 5.096
    },
    "SDFAStar": {
        "PlanningTime": 3395.554096303849,
        "MinimumClearance": 3.5667247348057396,
        "AverageMinimumClearance": 6.103164858190236,
        "ClearanceVariability": 69.20372557955572,
        "DangerViolations": 26.2,
        "TurningAngle": 2538.483586367516,
        "JerkPerMeter": 0.20476631503851367,
        "SuccessRate": 1.0,
        "OptimalDeviation": 0.12420455802455162,
        "PathCost": 31.73743278768715,
        "DistanceToGoal": 0.0,
        "OptiSafeIndex": 0.7621577581496796,
        "NodesInPath": 41.094
    },
    "OptimizedAStar": {
        "PlanningTime": 292.11606736457907,
        "MinimumClearance": 1.9378229538120328,
        "AverageMinimumClearance": 5.5151029161528236,
        "ClearanceVariability": 105.39971922354539,
        "DangerViolations": 1.256,
        "TurningAngle": 30.979092891120874,
        "JerkPerMeter": 0.027019801799985893,
        "SuccessRate": 1.0,
        "OptimalDeviation": 0.005645930007555292,
        "PathCost": 28.387360424135043,
        "DistanceToGoal": 0.0,
        "OptiSafeIndex": 0.6763491731798563,
        "NodesInPath": 2.448
    },
    "SafeAStar": {
        "PlanningTime": 354.58892895808094,
        "MinimumClearance": 1.9958286919430979,
        "AverageMinimumClearance": 5.288624510554356,
        "ClearanceVariability": 106.862840978174,
        "DangerViolations": 1.0,
        "TurningAngle": 654.6378984928842,
        "JerkPerMeter": 0.048970767560838555,
        "SuccessRate": 1.0,
        "OptimalDeviation": 0.002010603497507498,
        "PathCost": 28.136752147247837,
        "DistanceToGoal": 0.0,
        "OptiSafeIndex": 0.6708157374495143,
        "NodesInPath": 16.512
    }
}