{
    "algo": "AStar",
    "evaluation": {
        "JerkPerMeter": 0,
        "OptimalDeviation": 0,
        "PathCost": 0.0,
        "DistanceToGoal": 3.5355339059327378,
        "NodesInPath": 0,
        "SuccessRate": 0,
        "PlanningTime": 0.035900011425837874
    },
    "startGoal": {
        "start": [
            0,
            0
        ],
        "goal": [
            5,
            5
        ]
    },
    "pathInfo": {
        "path": [],
        "info": [
            "Goal has obstacle"
        ]
    },
    "envInfo": {
        "grid": [
            [
                1.0,
                1.0,
                1.0,
                1.0,
                1.0,
                1.0,
                0.0,
                0.0,
                0.0,
                0.0
            ],
            [
                1.0,
                1.0,
                1.0,
                1.0,
                1.0,
                1.0,
                0.0,
                0.0,
                0.0,
                0.0
            ],
            [
                1.0,
                1.0,
                1.0,
                1.0,
                1.0,
                1.0,
                0.0,
                0.0,
                0.0,
                0.0
            ],
            [
                1.0,
                1.0,
                1.0,
                1.0,
                1.0,
                1.0,
                0.0,
                0.0,
                0.0,
                0.0
            ],
            [
                1.0,
                1.0,
                1.0,
                1.0,
                1.0,
                1.0,
                0.0,
                0.0,
                0.0,
                0.0
            ],
            [
                1.0,
                1.0,
                1.0,
                1.0,
                1.0,
                1.0,
                0.0,
                0.0,
                0.0,
                0.0
            ],
            [
                0.0,
                0.0,
                0.0,
                0.0,
                0.0,
                0.0,
                0.0,
                0.0,
                0.0,
                0.0
            ],
            [
                0.0,
                0.0,
                0.0,
                0.0,
                0.0,
                0.0,
                0.0,
                1.0,
                1.0,
                1.0
            ],
            [
                0.0,
                0.0,
                0.0,
                0.0,
                0.0,
                0.0,
                0.0,
                1.0,
                1.0,
                1.0
            ],
            [
                0.0,
                0.0,
                0.0,
                0.0,
                0.0,
                0.0,
                0.0,
                1.0,
                1.0,
                1.0
            ]
        ],
        "cellSize": 0.5,
        "envName": "Env2",
        "envDes": "Maze type environment"
    }
}