{
    "algo": "AStar",
    "evaluation": {
        "PeakMemory": 0.109375,
        "MinimumClearance": 0,
        "AverageMinimumClearance": 0,
        "ClearanceVariability": 0,
        "DangerViolations": 0,
        "TurningAngle": 0,
        "JerkPerMeter": 0,
        "OptimalDeviation": 0,
        "PathCost": 0.0,
        "DistanceToGoal": 4.272001872658765,
        "NodesInPath": 0,
        "SuccessRate": 0,
        "PlanningTime": 0.013799999578623101
    },
    "startGoal": {
        "start": [
            10,
            0
        ],
        "goal": [
            7,
            8
        ]
    },
    "pathInfo": {
        "path": [],
        "info": [
            "Invalid start "
        ]
    },
    "envInfo": {
        "grid": [
            [
                1.0,
                1.0,
                1.0,
                1.0,
                1.0,
                1.0,
                0.0,
                0.0,
                0.0,
                0.0
            ],
            [
                1.0,
                1.0,
                1.0,
                1.0,
                1.0,
                1.0,
                0.0,
                0.0,
                0.0,
                0.0
            ],
            [
                1.0,
                1.0,
                1.0,
                1.0,
                1.0,
                1.0,
                0.0,
                0.0,
                0.0,
                0.0
            ],
            [
                1.0,
                1.0,
                1.0,
                1.0,
                1.0,
                1.0,
                0.0,
                0.0,
                0.0,
                0.0
            ],
            [
                1.0,
                1.0,
                1.0,
                1.0,
                1.0,
                1.0,
                0.0,
                0.0,
                0.0,
                0.0
            ],
            [
                1.0,
                1.0,
                1.0,
                1.0,
                1.0,
                1.0,
                0.0,
                0.0,
                0.0,
                0.0
            ],
            [
                0.0,
                0.0,
                0.0,
                0.0,
                0.0,
                0.0,
                0.0,
                0.0,
                0.0,
                0.0
            ],
            [
                0.0,
                0.0,
                0.0,
                0.0,
                0.0,
                0.0,
                0.0,
                1.0,
                1.0,
                1.0
            ],
            [
                0.0,
                0.0,
                0.0,
                0.0,
                0.0,
                0.0,
                0.0,
                1.0,
                1.0,
                1.0
            ],
            [
                0.0,
                0.0,
                0.0,
                0.0,
                0.0,
                0.0,
                0.0,
                1.0,
                1.0,
                1.0
            ]
        ],
        "cellSize": 0.5,
        "envName": "Env2",
        "envDes": "Maze type environment"
    }
}