{
    "VoronoiPlanner": {
        "PlanningTime": 43.00405658374075,
        "MinimumClearance": 0.6656270013667468,
        "AverageMinimumClearance": 1.0617093474345494,
        "ClearanceVariability": 7.280057592695131,
        "DangerViolations": 0.08,
        "TurningAngle": 4.194114687754894,
        "JerkPerMeter": 0.010732170012124452,
        "SuccessRate": 0.293,
        "OptimalDeviation": -0.7122258611676412,
        "PathCost": 5.114501898715966,
        "DistanceToGoal": 22.75899123979413,
        "OptiSafeIndex": 0.28503398913550115,
        "NodesInPath": 0.633
    },
    "AStar": {
        "PlanningTime": 459.08914758922765,
        "MinimumClearance": 0.7498345680733085,
        "AverageMinimumClearance": 1.993409124473844,
        "ClearanceVariability": 43.29453680772491,
        "DangerViolations": 43965.5,
        "TurningAngle": 205.57990170122957,
        "JerkPerMeter": 0.015064878293492148,
        "SuccessRate": 1.0,
        "OptimalDeviation": 0.0,
        "PathCost": 32.70490416389388,
        "DistanceToGoal": 0.0,
        "OptiSafeIndex": 0.24917593215554518,
        "NodesInPath": 6.523
    },
    "RRT": {
        "PlanningTime": 3247.1465924672943,
        "MinimumClearance": 0.38565562369715417,
        "AverageMinimumClearance": 1.903475845281922,
        "ClearanceVariability": 37.83780886671424,
        "DangerViolations": 538.2459222082811,
        "TurningAngle": 3450.4513070187986,
        "JerkPerMeter": 0.857065667091226,
        "SuccessRate": 0.784,
        "OptimalDeviation": 0.30025248317106484,
        "PathCost": 40.28229190134785,
        "DistanceToGoal": 0.3981425962209648,
        "OptiSafeIndex": 0.21757533878480492,
        "NodesInPath": 99.91342534504392
    },
    "UPP": {
        "PlanningTime": 1601.9421626862604,
        "MinimumClearance": 0.8929771385154213,
        "AverageMinimumClearance": 2.0843728141331153,
        "ClearanceVariability": 41.281242663751655,
        "DangerViolations": 1.9,
        "TurningAngle": 525.6073757248021,
        "JerkPerMeter": 0.03145569925325098,
        "SuccessRate": 1.0,
        "OptimalDeviation": 0.004839373459199158,
        "PathCost": 32.82093469792737,
        "DistanceToGoal": 0.0,
        "OptiSafeIndex": 0.2797302826723556,
        "NodesInPath": 13.633
    },
    "CBFRRT": {
        "PlanningTime": 3860.2082036919637,
        "MinimumClearance": 0.3886686673920352,
        "AverageMinimumClearance": 1.8413478036826536,
        "ClearanceVariability": 36.192593051037655,
        "DangerViolations": 553.0826140567201,
        "TurningAngle": 3523.7020759568113,
        "JerkPerMeter": 0.8509665655858545,
        "SuccessRate": 0.794,
        "OptimalDeviation": 0.30443878483141923,
        "PathCost": 41.04560090473803,
        "DistanceToGoal": 0.48551103878988633,
        "OptiSafeIndex": 0.21068451876258945,
        "NodesInPath": 101.83600493218249
    },
    "FSPlanner": {
        "PlanningTime": 3274.8094196163,
        "MinimumClearance": 0.7692516515528053,
        "AverageMinimumClearance": 2.645702510005555,
        "ClearanceVariability": 43.668149490320694,
        "DangerViolations": 274.548,
        "TurningAngle": 233.93256004725953,
        "JerkPerMeter": 0.014763334868966938,
        "SuccessRate": 1.0,
        "OptimalDeviation": -0.010916027296172037,
        "PathCost": 32.48979786742164,
        "DistanceToGoal": 0.0,
        "OptiSafeIndex": 0.2751031220641542,
        "NodesInPath": 7.16
    },
    "SDFAStar": {
        "PlanningTime": 4874.503474953117,
        "MinimumClearance": 1.5778635788952715,
        "AverageMinimumClearance": 2.792766007417297,
        "ClearanceVariability": 33.31508149714732,
        "DangerViolations": 190.7,
        "TurningAngle": 1230.4546970882047,
        "JerkPerMeter": 0.1078493254835071,
        "SuccessRate": 1.0,
        "OptimalDeviation": 0.08728925831175013,
        "PathCost": 35.73005927091926,
        "DistanceToGoal": 0.0,
        "OptiSafeIndex": 0.3136965972166578,
        "NodesInPath": 21.818
    },
    "OptimizedAStar": {
        "PlanningTime": 982.1078945946065,
        "MinimumClearance": 0.9250341767394196,
        "AverageMinimumClearance": 3.0438485084329514,
        "ClearanceVariability": 51.132729168445756,
        "DangerViolations": 6.602,
        "TurningAngle": 108.9604014513025,
        "JerkPerMeter": 0.338835261615918,
        "SuccessRate": 1.0,
        "OptimalDeviation": 0.10658818830232428,
        "PathCost": 36.858432365022,
        "DistanceToGoal": 0.0,
        "OptiSafeIndex": 0.333676041008997,
        "NodesInPath": 3.437
    },
    "SafeAStar": {
        "PlanningTime": 1334.2504056219477,
        "MinimumClearance": 0.9007037133170944,
        "AverageMinimumClearance": 2.586711798293946,
        "ClearanceVariability": 34.48555590555913,
        "DangerViolations": 1.9,
        "TurningAngle": 1785.008179775262,
        "JerkPerMeter": 0.11046253069799984,
        "SuccessRate": 1.0,
        "OptimalDeviation": 0.017743387351989503,
        "PathCost": 33.36670464357657,
        "DistanceToGoal": 0.0,
        "OptiSafeIndex": 0.2902032074571579,
        "NodesInPath": 41.622
    }
}