{
    "VoronoiPlanner": {
        "PlanningTime": 6.150712382569465,
        "MinimumClearance": 0.03979801368725861,
        "AverageMinimumClearance": 0.0916539201312211,
        "ClearanceVariability": 0.06804264215833658,
        "DangerViolations": 2.7504761904761903,
        "TurningAngle": 2.8984501755739163,
        "JerkPerMeter": 0.0,
        "SuccessRate": 0.28983050847457625,
        "OptimalDeviation": -0.6855074712422592,
        "PathCost": 0.5259834756935323,
        "DistanceToGoal": 1.8113974933152246,
        "OptiSafeIndex": 0.32115329188010017,
        "NodesInPath": 0.7104761904761905
    },
    "AStar": {
        "PlanningTime": 16.33221026257438,
        "MinimumClearance": 0.06995086726093064,
        "AverageMinimumClearance": 0.19147181501936808,
        "ClearanceVariability": 0.2756152694162715,
        "DangerViolations": 3571.864406779661,
        "TurningAngle": 256.35180273494154,
        "JerkPerMeter": 0.17852249370896509,
        "SuccessRate": 1.0,
        "OptimalDeviation": 0.0,
        "PathCost": 3.025179908712529,
        "DistanceToGoal": 0.0,
        "OptiSafeIndex": 0.8795209049202183,
        "NodesInPath": 7.693220338983051
    },
    "RRT": {
        "PlanningTime": 58.90099467431164,
        "MinimumClearance": 0.07249454125543688,
        "AverageMinimumClearance": 0.24313362017259865,
        "ClearanceVariability": 0.2798604507909497,
        "DangerViolations": 198.1988950276243,
        "TurningAngle": 410.72290654613096,
        "JerkPerMeter": 0.8858958318943397,
        "SuccessRate": 0.6135593220338983,
        "OptimalDeviation": 0.4110288448821732,
        "PathCost": 3.5516585752341565,
        "DistanceToGoal": 0.0,
        "OptiSafeIndex": 0.5540356440497596,
        "NodesInPath": 10.947513812154696
    },
    "UPP": {
        "PlanningTime": 233.14664772927753,
        "MinimumClearance": 0.0941296004828374,
        "AverageMinimumClearance": 0.25554729374165075,
        "ClearanceVariability": 0.20931805700491804,
        "DangerViolations": 683.728813559322,
        "TurningAngle": 564.0318352081501,
        "JerkPerMeter": 0.31977470433235544,
        "SuccessRate": 1.0,
        "OptimalDeviation": 0.11033504479461775,
        "PathCost": 3.3943522616708877,
        "DistanceToGoal": 0.0,
        "OptiSafeIndex": 0.8298656813384546,
        "NodesInPath": 14.38135593220339
    },
    "CBFRRT": {
        "PlanningTime": 56.456781140446104,
        "MinimumClearance": 0.07548763142920248,
        "AverageMinimumClearance": 0.2487037568986211,
        "ClearanceVariability": 0.2888169404040411,
        "DangerViolations": 196.21428571428572,
        "TurningAngle": 412.95921436119477,
        "JerkPerMeter": 0.8962824730636575,
        "SuccessRate": 0.6169491525423729,
        "OptimalDeviation": 0.4116664488661255,
        "PathCost": 3.542595509919306,
        "DistanceToGoal": 0.0,
        "OptiSafeIndex": 0.5285264114695621,
        "NodesInPath": 10.942307692307692
    },
    "FSPlanner": {
        "PlanningTime": 48.4481242373122,
        "MinimumClearance": 0.07765804254306372,
        "AverageMinimumClearance": 0.2611662859526503,
        "ClearanceVariability": 0.296982995258115,
        "DangerViolations": 836.7457627118644,
        "TurningAngle": 317.9527392142972,
        "JerkPerMeter": 0.1893784860249264,
        "SuccessRate": 1.0,
        "OptimalDeviation": 0.010300955962197088,
        "PathCost": 3.0830836979237035,
        "DistanceToGoal": 0.0,
        "OptiSafeIndex": 0.8953592600966038,
        "NodesInPath": 9.052542372881357
    },
    "SDFAStar": {
        "PlanningTime": 48.358405303058085,
        "MinimumClearance": 0.08384042520659532,
        "AverageMinimumClearance": 0.2009615602746497,
        "ClearanceVariability": 0.17343651511342595,
        "DangerViolations": 2046.4406779661017,
        "TurningAngle": 448.8755882965769,
        "JerkPerMeter": 0.2870212799365553,
        "SuccessRate": 1.0,
        "OptimalDeviation": 0.07700335373223169,
        "PathCost": 3.298334365223411,
        "DistanceToGoal": 0.0,
        "OptiSafeIndex": 0.8511720026547187,
        "NodesInPath": 11.328813559322034
    },
    "OptimizedAStar": {
        "PlanningTime": 125.53589629488839,
        "MinimumClearance": 0.06498952722124984,
        "AverageMinimumClearance": 0.26190777746579963,
        "ClearanceVariability": 0.39820030296291736,
        "DangerViolations": 78.53559322033898,
        "TurningAngle": 161.40389639718313,
        "JerkPerMeter": 0.6270239269496266,
        "SuccessRate": 1.0,
        "OptimalDeviation": 0.13594111156634833,
        "PathCost": 3.502452883229053,
        "DistanceToGoal": 0.0,
        "OptiSafeIndex": 0.6347758525858868,
        "NodesInPath": 4.4491525423728815
    },
    "SafeAStar": {
        "PlanningTime": 34.51372958086846,
        "MinimumClearance": 0.09332827283745883,
        "AverageMinimumClearance": 0.29462117457564285,
        "ClearanceVariability": 0.29350079746799435,
        "DangerViolations": 454.91525423728814,
        "TurningAngle": 449.00483890695415,
        "JerkPerMeter": 0.29065650387002795,
        "SuccessRate": 1.0,
        "OptimalDeviation": 0.06777114481512989,
        "PathCost": 3.2454706241596907,
        "DistanceToGoal": 0.0,
        "OptiSafeIndex": 0.8912301007611438,
        "NodesInPath": 11.974576271186441
    }
}