{
    "VoronoiPlanner": {
        "PlanningTime": {
            "mean": 23.63251100998241,
            "std": 1.2644878649613425
        },
        "MinimumClearance": {
            "mean": 0.9906187595210806,
            "std": 1.1198881521316832
        },
        "AverageMinimumClearance": {
            "mean": 4.721635441480607,
            "std": 2.354106767374054
        },
        "ClearanceVariability": {
            "mean": 116.98970921115837,
            "std": 93.83303702745637
        },
        "DangerViolations": {
            "mean": 0.1,
            "std": 0.5196152422706632
        },
        "TurningAngle": {
            "mean": 74.67527396084759,
            "std": 56.04577896730338
        },
        "JerkPerMeter": {
            "mean": 0.13594631540625504,
            "std": 0.32186565444322135
        },
        "SuccessRate": {
            "mean": 0.84,
            "std": 0.36660605559646725
        },
        "OptimalDeviation": {
            "mean": 0.10395208964220483,
            "std": 0.6945023497572101
        },
        "PathCost": {
            "mean": 33.38983818784751,
            "std": 16.644093613774135
        },
        "OptiSafeIndex": {
            "mean": 0.5831203275496782,
            "std": 0.383756984848405
        },
        "NodesInPath": {
            "mean": 2.68,
            "std": 1.2319090875547591
        }
    },
    "AStar": {
        "PlanningTime": {
            "mean": 124.00978489997215,
            "std": 229.83863176129066
        },
        "MinimumClearance": {
            "mean": 0.2547401480026743,
            "std": 0.4902881367069528
        },
        "AverageMinimumClearance": {
            "mean": 3.9016004903670654,
            "std": 1.3724602110942286
        },
        "ClearanceVariability": {
            "mean": 155.9168801044316,
            "std": 102.89142298523933
        },
        "DangerViolations": {
            "mean": 15784.0,
            "std": 14333.643779583752
        },
        "TurningAngle": {
            "mean": 352.8771980497713,
            "std": 879.6619741840838
        },
        "JerkPerMeter": {
            "mean": 0.024136483774783914,
            "std": 0.05485681165059784
        },
        "SuccessRate": {
            "mean": 1.0,
            "std": 0.0
        },
        "OptimalDeviation": {
            "mean": 0.0,
            "std": 0.0
        },
        "PathCost": {
            "mean": 33.45412180244904,
            "std": 11.10275493194643
        },
        "OptiSafeIndex": {
            "mean": 0.2705666656646265,
            "std": 0.3571759938525169
        },
        "NodesInPath": {
            "mean": 9.78,
            "std": 19.5323219305847
        }
    },
    "RRT": {
        "PlanningTime": {
            "mean": 1129.629639112424,
            "std": 1269.4339245815827
        },
        "MinimumClearance": {
            "mean": 0.7606047168280947,
            "std": 1.1603189282695736
        },
        "AverageMinimumClearance": {
            "mean": 4.233877927106393,
            "std": 1.3073318845621216
        },
        "ClearanceVariability": {
            "mean": 107.55338541298069,
            "std": 67.23390496879432
        },
        "DangerViolations": {
            "mean": 103.93258426966293,
            "std": 202.26125044765098
        },
        "TurningAngle": {
            "mean": 3624.14342816897,
            "std": 1236.5546181100385
        },
        "JerkPerMeter": {
            "mean": 0.9054661377525777,
            "std": 0.10315170571966699
        },
        "SuccessRate": {
            "mean": 0.89,
            "std": 0.3128897569432403
        },
        "OptimalDeviation": {
            "mean": 0.2875101649165166,
            "std": 0.22944412697449487
        },
        "PathCost": {
            "mean": 41.473207166452696,
            "std": 13.19184700361206
        },
        "OptiSafeIndex": {
            "mean": 0.3659551448301244,
            "std": 0.24614482597567897
        },
        "NodesInPath": {
            "mean": 103.32584269662921,
            "std": 33.949988095809296
        }
    },
    "CBFRRT": {
        "PlanningTime": {
            "mean": 897.022075615266,
            "std": 696.8614921147505
        },
        "MinimumClearance": {
            "mean": 0.7177116291925271,
            "std": 1.0499214600468283
        },
        "AverageMinimumClearance": {
            "mean": 4.152152659197334,
            "std": 1.4532757296572851
        },
        "ClearanceVariability": {
            "mean": 109.87879113499896,
            "std": 74.12039874640253
        },
        "DangerViolations": {
            "mean": 128.30769230769232,
            "std": 246.4588632196248
        },
        "TurningAngle": {
            "mean": 3552.696139715952,
            "std": 1247.3271160329484
        },
        "JerkPerMeter": {
            "mean": 0.8937383283770025,
            "std": 0.09818598837550341
        },
        "SuccessRate": {
            "mean": 0.91,
            "std": 0.2861817604250837
        },
        "OptimalDeviation": {
            "mean": 0.26935253139958715,
            "std": 0.19876541471962605
        },
        "PathCost": {
            "mean": 40.95368690121555,
            "std": 13.050063660859605
        },
        "OptiSafeIndex": {
            "mean": 0.38568074643164624,
            "std": 0.2451413748139702
        },
        "NodesInPath": {
            "mean": 101.3956043956044,
            "std": 33.32321868840981
        }
    },
    "FSPlanner": {
        "PlanningTime": {
            "mean": 2878.6596200800336,
            "std": 1885.8642284777375
        },
        "MinimumClearance": {
            "mean": 0.9448573842442711,
            "std": 1.1311253349824122
        },
        "AverageMinimumClearance": {
            "mean": 4.595015355249825,
            "std": 1.3706177810402178
        },
        "ClearanceVariability": {
            "mean": 128.72189942719746,
            "std": 87.92457316119288
        },
        "DangerViolations": {
            "mean": 60.0,
            "std": 103.92304845413264
        },
        "TurningAngle": {
            "mean": 343.39116886374705,
            "std": 557.363585863172
        },
        "JerkPerMeter": {
            "mean": 0.02219792078524479,
            "std": 0.03454769406251994
        },
        "SuccessRate": {
            "mean": 1.0,
            "std": 0.0
        },
        "OptimalDeviation": {
            "mean": -0.004360385667508607,
            "std": 0.0212730583010509
        },
        "PathCost": {
            "mean": 33.25489763119393,
            "std": 10.93982240357297
        },
        "OptiSafeIndex": {
            "mean": 0.5872873795903967,
            "std": 0.4030346834348033
        },
        "NodesInPath": {
            "mean": 9.59,
            "std": 12.384744648154841
        }
    },
    "SDFAStar": {
        "PlanningTime": {
            "mean": 5283.807748079944,
            "std": 3891.1526687328956
        },
        "MinimumClearance": {
            "mean": 2.770293960754019,
            "std": 1.6258140640952172
        },
        "AverageMinimumClearance": {
            "mean": 5.258431390838911,
            "std": 1.4135300271937261
        },
        "ClearanceVariability": {
            "mean": 77.45256617326757,
            "std": 71.43341555223083
        },
        "DangerViolations": {
            "mean": 0.0,
            "std": 0.0
        },
        "TurningAngle": {
            "mean": 2610.3136359887767,
            "std": 3126.3370615319304
        },
        "JerkPerMeter": {
            "mean": 0.16622440148624595,
            "std": 0.22952626367784662
        },
        "SuccessRate": {
            "mean": 1.0,
            "std": 0.0
        },
        "OptimalDeviation": {
            "mean": 0.150139865588677,
            "std": 0.06551021607989849
        },
        "PathCost": {
            "mean": 38.445516426220536,