{
    "UPP2": {
        "PlanningTime": {
            "mean": 289.6416901634108,
            "std": 5.35941507753804
        },
        "MinimumClearance": {
            "mean": 0.29999999999999993,
            "std": 1.1102230246251565e-16
        },
        "AverageMinimumClearance": {
            "mean": 5.268540798988286,
            "std": 8.881784197001252e-16
        },
        "ClearanceVariability": {
            "mean": 205.73695194590067,
            "std": 2.842170943040401e-14
        },
        "DangerViolations": {
            "mean": 0.0,
            "std": 0.0
        },
        "TurningAngle": {
            "mean": 138.85492674986511,
            "std": 2.842170943040401e-14
        },
        "JerkPerMeter": {
            "mean": 0.003976289536520389,
            "std": 8.673617379884035e-19
        },
        "SuccessRate": {
            "mean": 1.0,
            "std": 0.0
        },
        "OptimalDeviation": {
            "mean": 0.0035061347545155643,
            "std": 4.336808689942018e-19
        },
        "PathCost": {
            "mean": 75.44722215136451,
            "std": 1.4210854715202004e-14
        },
        "DistanceToGoal": {
            "mean": 0.0,
            "std": 0.0
        },
        "OptiSafeIndex": {
            "mean": 0.9947484782815833,
            "std": 0.0
        },
        "NodesInPath": {
            "mean": 5.0,
            "std": 0.0
        }
    },
    "VoronoiPlanner": {
        "PlanningTime": {
            "mean": 22.80544100617452,
            "std": 0.9926916257137165
        },
        "MinimumClearance": {
            "mean": 0.09999999999999999,
            "std": 1.3877787807814457e-17
        },
        "AverageMinimumClearance": {
            "mean": 5.269515681090638,
            "std": 0.0
        },
        "ClearanceVariability": {
            "mean": 166.49842306813062,
            "std": 2.842170943040401e-14
        },
        "DangerViolations": {
            "mean": 0.0,
            "std": 0.0
        },
        "TurningAngle": {
            "mean": 34.09706338481856,
            "std": 7.105427357601002e-15
        },
        "JerkPerMeter": {
            "mean": 0.2955113121339814,
            "std": 5.551115123125783e-17
        },
        "SuccessRate": {
            "mean": 1.0,
            "std": 0.0
        },
        "OptimalDeviation": {
            "mean": -0.03987044043714303,
            "std": 0.0
        },
        "PathCost": {
            "mean": 72.1860142809702,
            "std": 1.4210854715202004e-14
        },
        "DistanceToGoal": {
            "mean": 0.0,
            "std": 0.0
        },
        "OptiSafeIndex": {
            "mean": 1.0,
            "std": 0.0
        },
        "NodesInPath": {
            "mean": 4.0,
            "std": 0.0
        }
    },
    "AStar": {
        "PlanningTime": {
            "mean": 50.965060087698724,
            "std": 1.7116643397168825
        },
        "MinimumClearance": {
            "mean": 0.049999999999999996,
            "std": 6.938893903907228e-18
        },
        "AverageMinimumClearance": {
            "mean": 5.205782101630922,
            "std": 8.881784197001252e-16
        },
        "ClearanceVariability": {
            "mean": 216.9027083981462,
            "std": 2.842170943040401e-14
        },
        "DangerViolations": {
            "mean": 40600.0,
            "std": 0.0
        },
        "TurningAngle": {
            "mean": 138.81712452294818,
            "std": 2.842170943040401e-14
        },
        "JerkPerMeter": {
            "mean": 0.003990230943458399,
            "std": 0.0
        },
        "SuccessRate": {
            "mean": 1.0,
            "std": 0.0
        },
        "OptimalDeviation": {
            "mean": 0.0,
            "std": 0.0
        },
        "PathCost": {
            "mean": 75.18361825443243,
            "std": 0.0
        },
        "DistanceToGoal": {
            "mean": 0.0,
            "std": 0.0
        },
        "OptiSafeIndex": {
            "mean": 0.39528470752104733,
            "std": 5.551115123125783e-17
        },
        "NodesInPath": {
            "mean": 5.0,
            "std": 0.0
        }
    },
    "RRT": {
        "PlanningTime": {
            "mean": 3337.9898552885684,
            "std": 1056.8313923810906
        },
        "MinimumClearance": {
            "mean": 0.05758267769066654,
            "std": 0.07465842890484352
        },
        "AverageMinimumClearance": {
            "mean": 4.247310206942602,
            "std": 0.37998467826410154
        },
        "ClearanceVariability": {
            "mean": 189.77706575020585,
            "std": 18.722384355659102
        },
        "DangerViolations": {
            "mean": 570.9972752043597,
            "std": 392.0394762600495
        },
        "TurningAngle": {
            "mean": 7037.24851877638,
            "std": 521.3745767087308
        },
        "JerkPerMeter": {
            "mean": 0.8661650000449538,
            "std": 0.05315562775620205
        },
        "SuccessRate": {
            "mean": 0.6950757575757576,
            "std": 0.4603753347066329
        },
        "OptimalDeviation": {
            "mean": 0.13565667028488723,
            "std": 0.03173591456259625
        },
        "PathCost": {
            "mean": 85.3827775667988,
            "std": 2.3860208854295193
        },
        "DistanceToGoal": {
            "mean": 0.0,
            "std": 0.0
        },
        "OptiSafeIndex": {
            "mean": 0.46459704944988917,
            "std": 0.07583307750411333
        },
        "NodesInPath": {
            "mean": 203.68392370572207,
            "std": 9.14421768275458
        }
    },
    "CBFRRT": {
        "PlanningTime": {
            "mean": 3373.103975380874,
            "std": 1128.938182284243
        },
        "MinimumClearance": {
            "mean": 0.05506721407887553,
            "std": 0.03603058459819198
        },
        "AverageMinimumClearance": {
            "mean": 4.210284124059123,
            "std": 0.41938020315954966
        },
        "ClearanceVariability": {
            "mean": 190.63865069160087,
            "std": 17.022254397074082
        },
        "DangerViolations": {
            "mean": 597.5191256830601,
            "std": 393.52139861037153
        },
        "TurningAngle": {
            "mean": 7083.285758014405,
            "std": 520.8403807671976
        },
        "JerkPerMeter": {
            "mean": 0.8680690503590222,
            "std": 0.05332816830100615
        },
        "SuccessRate": {
            "mean": 0.6931818181818182,
            "std": 0.46117327017506876
        },
        "OptimalDeviation": {
            "mean": 0.13976565571278118,
            "std": 0.03477500505185361
        },
        "PathCost": {
            "mean": 85.6917059586226,
            "std": 2.614510704614521
        },
        "DistanceToGoal": {
            "mean": 0.0,
            "std": 0.0
        },
        "OptiSafeIndex": {
            "mean": 0.4608171400431539,
            "std": 0.06342550861185985
        },
        "NodesInPath": {
            "mean": 203.7622950819672,
            "std": 9.260102985437298
        }
    },
    "FSPlanner": {
        "PlanningTime": {
            "mean": 17076.460723068383,
            "std": 220.9829107082605
        },
        "MinimumClearance": {
            "mean": 0.07071067811865477,
            "std": 0.0
        },
        "AverageMinimumClearance": {
            "mean": 6.73246819116225,
            "std": 8.881784197001252e-16
        },
        "ClearanceVariability": {
            "mean": 161.03074059215623,
            "std": 0.0
        },
        "DangerViolations": {
            "mean": 200.0,
            "std": 0.0
        },
        "TurningAngle": {
            "mean": 93.82437183197878,
            "std": 0.0
        },
        "JerkPerMeter": {
            "mean": 0.002659118048282769,