{
    "VoronoiPlanner": {
        "PlanningTime": 29.49071278436287,
        "MinimumClearance": 0.42089806294192655,
        "AverageMinimumClearance": 0.8038348566934682,
        "ClearanceVariability": 2.027696052782246,
        "DangerViolations": 3.6851441241685143,
        "TurningAngle": 15.621916165626581,
        "JerkPerMeter": 0.0,
        "SuccessRate": 0.9157427937915743,
        "OptimalDeviation": -0.09545050815090433,
        "PathCost": 3.143553241576967,
        "DistanceToGoal": 0.3427897897699251,
        "OptiSafeIndex": 0.8573770636579273,
        "NodesInPath": 2.0199556541019956
    },
    "AStar": {
        "PlanningTime": 20.417843054914993,
        "MinimumClearance": 0.4205196717501071,
        "AverageMinimumClearance": 0.8134916640378113,
        "ClearanceVariability": 2.2180614508991274,
        "DangerViolations": 1232.2616407982262,
        "TurningAngle": 106.6904441946958,
        "JerkPerMeter": 0.08331858349258281,
        "SuccessRate": 1.0,
        "OptimalDeviation": 0.0,
        "PathCost": 3.5498798654131534,
        "DistanceToGoal": 0.0,
        "OptiSafeIndex": 0.79260661374018,
        "NodesInPath": 4.6252771618625275
    },
    "RRT": {
        "PlanningTime": 125.9274651707397,
        "MinimumClearance": 0.3086585697744888,
        "AverageMinimumClearance": 0.7796243384449295,
        "ClearanceVariability": 2.4481745946463493,
        "DangerViolations": 64.14939759036145,
        "TurningAngle": 628.2311450975169,
        "JerkPerMeter": 1.141048026334542,
        "SuccessRate": 0.9201773835920177,
        "OptimalDeviation": 0.4069401722626247,
        "PathCost": 4.992408030579958,
        "DistanceToGoal": 0.0,
        "OptiSafeIndex": 0.4867208100707591,
        "NodesInPath": 15.103614457831325
    },
    "UPP": {
        "PlanningTime": 4660.443655824573,
        "MinimumClearance": 0.48997606897649126,
        "AverageMinimumClearance": 0.8514697928124165,
        "ClearanceVariability": 1.9502578816005365,
        "DangerViolations": 8.333333333333334,
        "TurningAngle": 191.15293831545765,
        "JerkPerMeter": 0.1290263635177282,
        "SuccessRate": 1,
        "OptimalDeviation": 0.03066505928817258,
        "PathCost": 3.6519790254223876,
        "DistanceToGoal": 0.0,
        "OptiSafeIndex": 0.9249718182106242,
        "NodesInPath": 6.46
    },
    "CBFRRT": {
        "PlanningTime": 207.0967847929995,
        "MinimumClearance": 0.33054079630691335,
        "AverageMinimumClearance": 0.7949012480173105,
        "ClearanceVariability": 2.4604840881579126,
        "DangerViolations": 67.2,
        "TurningAngle": 634.6499647330288,
        "JerkPerMeter": 1.1403078782274907,
        "SuccessRate": 0.9090909090909091,
        "OptimalDeviation": 0.4120600230431392,
        "PathCost": 5.00871354476141,
        "DistanceToGoal": 0.0,
        "OptiSafeIndex": 0.5009531892101351,
        "NodesInPath": 15.148780487804878
    },
    "FSPlanner": {
        "PlanningTime": 1137.6882593488294,
        "MinimumClearance": 0.4337494640088064,
        "AverageMinimumClearance": 0.8280374849464163,
        "ClearanceVariability": 2.098091523652747,
        "DangerViolations": 36.56,
        "TurningAngle": 191.7457274327768,
        "JerkPerMeter": 0.1029184424182698,
        "SuccessRate": 1,
        "OptimalDeviation": -0.05243166492892196,
        "PathCost": 3.3755637949470874,
        "DistanceToGoal": 0.0,
        "OptiSafeIndex": 0.8728388014889022,
        "NodesInPath": 6.1466666666666665
    },
    "SDFAStar": {
        "PlanningTime": 1983.8592329290177,
        "MinimumClearance": 0.538575651149261,
        "AverageMinimumClearance": 0.8888350984567054,
        "ClearanceVariability": 1.9978713287441492,
        "DangerViolations": 159.66666666666666,
        "TurningAngle": 1090.7051980679375,
        "JerkPerMeter": 0.5863129172153515,
        "SuccessRate": 1,
        "OptimalDeviation": 0.1334533587213888,
        "PathCost": 4.066116439610982,
        "DistanceToGoal": 0.0,
        "OptiSafeIndex": 0.8046151950894432,
        "NodesInPath": 22.342222222222222
    },
    "OptimizedAStar": {
        "PlanningTime": 335.2040835847664,
        "MinimumClearance": 0.4309552358754532,
        "AverageMinimumClearance": 0.9054242078753919,
        "ClearanceVariability": 2.8994320247682577,
        "DangerViolations": 4.626666666666667,
        "TurningAngle": 32.122302307148445,
        "JerkPerMeter": 0.024475043415033284,
        "SuccessRate": 1,
        "OptimalDeviation": 0.06907728340675096,
        "PathCost": 3.8655566793283933,
        "DistanceToGoal": 0.0,
        "OptiSafeIndex": 0.8278019985153363,
        "NodesInPath": 2.2955555555555556
    },
    "SafeAStar": {
        "PlanningTime": 633.649785476672,
        "MinimumClearance": 0.47363517335863087,
        "AverageMinimumClearance": 0.8805098887883945,
        "ClearanceVariability": 1.9272982230466011,
        "DangerViolations": 10.333333333333334,
        "TurningAngle": 390.2593395532625,
        "JerkPerMeter": 0.24012691174895434,
        "SuccessRate": 1,
        "OptimalDeviation": 0.014659534874447362,
        "PathCost": 3.597303089186687,
        "DistanceToGoal": 0.0,
        "OptiSafeIndex": 0.9247862058277585,
        "NodesInPath": 11.013333333333334
    }
}