{
    "VoronoiPlanner": {
        "PlanningTime": 71.35556522534833,
        "MinimumClearance": 0.42385946070984715,
        "AverageMinimumClearance": 1.489390659363948,
        "ClearanceVariability": 22.610192965064684,
        "DangerViolations": 11.802867383512545,
        "TurningAngle": 93.2250547931785,
        "JerkPerMeter": 0.2647067870592083,
        "SuccessRate": 0.42990654205607476,
        "OptimalDeviation": 0.3214292911837305,
        "PathCost": 32.702672665938636,
        "DistanceToGoal": 9.00768776939364,
        "OptiSafeIndex": 0.34133127784879164,
        "NodesInPath": 2.5483870967741935
    },
    "AStar": {
        "PlanningTime": 1141.8272802625902,
        "MinimumClearance": 0.24856448611774867,
        "AverageMinimumClearance": 1.1876849996122631,
        "ClearanceVariability": 25.343812499220473,
        "DangerViolations": 47025.586854460096,
        "TurningAngle": 267.6294235129132,
        "JerkPerMeter": 0.017814395295424355,
        "SuccessRate": 1,
        "OptimalDeviation": 0.0,
        "PathCost": 34.871431889425814,
        "DistanceToGoal": 0.0,
        "OptiSafeIndex": 0.3452481476654809,
        "NodesInPath": 7.896713615023474
    },
    "RRT": {
        "PlanningTime": 12363.479769775255,
        "MinimumClearance": 0.15489424045846864,
        "AverageMinimumClearance": 1.041564346929999,
        "ClearanceVariability": 17.07889450042826,
        "DangerViolations": 613.0778816199377,
        "TurningAngle": 2698.7493052651103,
        "JerkPerMeter": 0.69067480860576,
        "SuccessRate": 0.6004672897196262,
        "OptimalDeviation": 0.040039713444479014,
        "PathCost": 31.737699963904177,
        "DistanceToGoal": 5.419308151368608,
        "OptiSafeIndex": 0.26248846888081595,
        "NodesInPath": 78.84735202492212
    },
    "UPP": {
        "PlanningTime": 2355.9987165565067,
        "MinimumClearance": 0.3864933028830694,
        "AverageMinimumClearance": 1.254957399174431,
        "ClearanceVariability": 22.69267836768913,
        "DangerViolations": 9.154929577464788,
        "TurningAngle": 507.5274386453962,
        "JerkPerMeter": 0.03130682507089354,
        "SuccessRate": 1,
        "OptimalDeviation": 0.009295757778742753,
        "PathCost": 35.14385758000441,
        "DistanceToGoal": 0.0,
        "OptiSafeIndex": 0.6138106769554741,
        "NodesInPath": 13.21830985915493
    },
    "CBFRRT": {
        "PlanningTime": 12702.332392812354,
        "MinimumClearance": 0.1600212254155121,
        "AverageMinimumClearance": 1.0978289378145123,
        "ClearanceVariability": 18.17083891053793,
        "DangerViolations": 613.3855799373041,
        "TurningAngle": 2714.1749306180077,
        "JerkPerMeter": 0.6924985743645318,
        "SuccessRate": 0.602803738317757,
        "OptimalDeviation": 0.06311665981586365,
        "PathCost": 32.2150706024496,
        "DistanceToGoal": 5.2067018516253185,
        "OptiSafeIndex": 0.26379712245725057,
        "NodesInPath": 80.00940438871473
    },
    "FSPlanner": {
        "PlanningTime": 3961.4925650822215,
        "MinimumClearance": 0.28953873342459946,
        "AverageMinimumClearance": 1.7299510741069961,
        "ClearanceVariability": 22.904102278757755,
        "DangerViolations": 379.4626168224299,
        "TurningAngle": 340.56493661237454,
        "JerkPerMeter": 0.020776135620241703,
        "SuccessRate": 1.0,
        "OptimalDeviation": 0.0008420359330782454,
        "PathCost": 34.97250560935879,
        "DistanceToGoal": 0.0,
        "OptiSafeIndex": 0.4302707223650127,
        "NodesInPath": 9.521028037383177
    },
    "SDFAStar": {
        "PlanningTime": 5580.546395844617,
        "MinimumClearance": 0.7121551635710067,
        "AverageMinimumClearance": 1.728858302938608,
        "ClearanceVariability": 17.95911563920068,
        "DangerViolations": 426.52582159624416,
        "TurningAngle": 1656.904817985392,
        "JerkPerMeter": 0.11141402238014045,
        "SuccessRate": 1,
        "OptimalDeviation": 0.11710595792053015,
        "PathCost": 39.27341782599593,
        "DistanceToGoal": 0.0,
        "OptiSafeIndex": 0.660415995185448,
        "NodesInPath": 29.330985915492956
    },
    "OptimizedAStar": {
        "PlanningTime": 1559.1756958027886,
        "MinimumClearance": 0.3050450336623607,
        "AverageMinimumClearance": 2.0496509682650603,
        "ClearanceVariability": 35.99575237405358,
        "DangerViolations": 6.431924882629108,
        "TurningAngle": 141.94033435678153,
        "JerkPerMeter": 0.5710632235230624,
        "SuccessRate": 1,
        "OptimalDeviation": 0.13817657482403983,
        "PathCost": 39.883649200167895,
        "DistanceToGoal": 0.0,
        "OptiSafeIndex": 0.438906537292306,
        "NodesInPath": 3.892018779342723
    },
    "SafeAStar": {
        "PlanningTime": 1948.3157167668364,
        "MinimumClearance": 0.40526049118443297,
        "AverageMinimumClearance": 1.7916016863594142,
        "ClearanceVariability": 20.070787116087597,
        "DangerViolations": 6.807511737089202,
        "TurningAngle": 2011.0183970170663,
        "JerkPerMeter": 0.1213379361589588,
        "SuccessRate": 1,
        "OptimalDeviation": 0.02695041187291091,
        "PathCost": 35.821794213272334,
        "DistanceToGoal": 0.0,
        "OptiSafeIndex": 0.6195543674718134,
        "NodesInPath": 46.640845070422536
    }
}