{
    "VoronoiPlanner": {
        "PlanningTime": {
            "mean": 80.33576530936195,
            "std": 8.437488766231708
        },
        "MinimumClearance": {
            "mean": 0.23082038226959734,
            "std": 0.362371163615189
        },
        "AverageMinimumClearance": {
            "mean": 1.1363869017737955,
            "std": 1.2620353153202033
        },
        "ClearanceVariability": {
            "mean": 24.250459274074014,
            "std": 29.753457756612917
        },
        "DangerViolations": {
            "mean": 11.872727272727273,
            "std": 19.22787233107619
        },
        "TurningAngle": {
            "mean": 69.70152591139008,
            "std": 83.7209046488687
        },
        "JerkPerMeter": {
            "mean": 0.19523701155775502,
            "std": 0.4484385249273861
        },
        "SuccessRate": {
            "mean": 0.2653061224489796,
            "std": 0.44149607454661094
        },
        "OptimalDeviation": {
            "mean": -0.12837103759309768,
            "std": 1.0354025616499964
        },
        "PathCost": {
            "mean": 28.436839777238244,
            "std": 33.98733676674378
        },
        "OptiSafeIndex": {
            "mean": 0.15068950676120385,
            "std": 0.2957088925902829
        },
        "NodesInPath": {
            "mean": 1.6727272727272726,
            "std": 1.8493688894474778
        }
    },
    "AStar": {
        "PlanningTime": {
            "mean": 1637.3704522445723,
            "std": 1689.2121180597412
        },
        "MinimumClearance": {
            "mean": 0.06443075063646016,
            "std": 0.1371417589426783
        },
        "AverageMinimumClearance": {
            "mean": 0.9151848662828924,
            "std": 0.49721339259722463
        },
        "ClearanceVariability": {
            "mean": 25.94569163926709,
            "std": 25.384402047543453
        },
        "DangerViolations": {
            "mean": 56839.795918367345,
            "std": 38509.195137816525
        },
        "TurningAngle": {
            "mean": 330.6124469563032,
            "std": 163.14943048496983
        },
        "JerkPerMeter": {
            "mean": 0.017686981023843446,
            "std": 0.007688073739453933
        },
        "SuccessRate": {
            "mean": 1.0,
            "std": 0.0
        },
        "OptimalDeviation": {
            "mean": 0.0,
            "std": 0.0
        },
        "PathCost": {
            "mean": 42.424908805582156,
            "std": 14.141666259471169
        },
        "OptiSafeIndex": {
            "mean": 0.31757713027830364,
            "std": 0.30067989444397597
        },
        "NodesInPath": {
            "mean": 9.285714285714286,
            "std": 3.614031611621005
        }
    },
    "RRT": {
        "PlanningTime": {
            "mean": 11785.140245681312,
            "std": 16950.7296943845
        },
        "MinimumClearance": {
            "mean": 0.05144927536231883,
            "std": 0.0751669708979127
        },
        "AverageMinimumClearance": {
            "mean": 0.9977721294194434,
            "std": 0.5811541465563578
        },
        "ClearanceVariability": {
            "mean": 20.038105383263588,
            "std": 15.784609997483438
        },
        "DangerViolations": {
            "mean": 815.3333333333334,
            "std": 897.5602788148994
        },
        "TurningAngle": {
            "mean": 3868.289683295271,
            "std": 2466.55482207503
        },
        "JerkPerMeter": {
            "mean": 0.7444447802855123,
            "std": 0.3370795388937095
        },
        "SuccessRate": {
            "mean": 0.5918367346938775,
            "std": 0.4914936562772365
        },
        "OptimalDeviation": {
            "mean": 0.11536060568462754,
            "std": 0.5334983348614608
        },
        "PathCost": {
            "mean": 45.05923025377592,
            "std": 28.520623792000347
        },
        "OptiSafeIndex": {
            "mean": 0.2775354758275372,
            "std": 0.20329714535687846
        },
        "NodesInPath": {
            "mean": 113.04347826086956,
            "std": 72.4105514736167
        }
    },
    "CBFRRT": {
        "PlanningTime": {
            "mean": 12617.049864553757,
            "std": 18957.614686204866
        },
        "MinimumClearance": {
            "mean": 0.041538461538461524,
            "std": 0.020697883149344173
        },
        "AverageMinimumClearance": {
            "mean": 1.0062478827210153,
            "std": 0.6425034014637311
        },
        "ClearanceVariability": {
            "mean": 19.925733532340534,
            "std": 16.608539728127113
        },
        "DangerViolations": {
            "mean": 788.4307692307692,
            "std": 808.4223947195077
        },
        "TurningAngle": {
            "mean": 3558.5443058683554,
            "std": 2404.6468459055955
        },
        "JerkPerMeter": {
            "mean": 0.6954225894584704,
            "std": 0.3391846653217895
        },
        "SuccessRate": {
            "mean": 0.5408163265306123,
            "std": 0.49833124273774615
        },
        "OptimalDeviation": {
            "mean": 0.08053949911895254,
            "std": 0.5542560094603455
        },
        "PathCost": {
            "mean": 42.6705842339102,
            "std": 28.34773557034986
        },
        "OptiSafeIndex": {
            "mean": 0.26134368255013773,
            "std": 0.22201869158486912
        },
        "NodesInPath": {
            "mean": 106.12307692307692,
            "std": 70.95318233060611
        }
    },
    "FSPlanner": {
        "PlanningTime": {
            "mean": 5577.469002377739,
            "std": 3918.2207447482147
        },
        "MinimumClearance": {
            "mean": 0.0919791941906013,
            "std": 0.15709100209142624
        },
        "AverageMinimumClearance": {
            "mean": 1.685654853537655,
            "std": 0.8270977011678434
        },
        "ClearanceVariability": {
            "mean": 27.016792589216408,
            "std": 26.837993496070673
        },
        "DangerViolations": {
            "mean": 476.53061224489795,
            "std": 381.1371332854002
        },
        "TurningAngle": {
            "mean": 430.2240331887096,
            "std": 352.00493158612966
        },
        "JerkPerMeter": {
            "mean": 0.023060983443817924,
            "std": 0.018046988028387133
        },
        "SuccessRate": {
            "mean": 1.0,
            "std": 0.0
        },
        "OptimalDeviation": {
            "mean": 0.004955736136243114,
            "std": 0.015930368770300393
        },
        "PathCost": {
            "mean": 42.57684529724855,
            "std": 14.127938561045914
        },
        "OptiSafeIndex": {
            "mean": 0.3950272391984368,
            "std": 0.3095874498589545
        },
        "NodesInPath": {
            "mean": 11.5,
            "std": 7.81580032331159
        }
    },
    "SDFAStar": {
        "PlanningTime": {
            "mean": 7447.174945356929,
            "std": 5371.950137312779
        },
        "MinimumClearance": {
            "mean": 0.5905103377485936,
            "std": 0.5231591537913824
        },
        "AverageMinimumClearance": {
            "mean": 1.5843594010738713,
            "std": 0.834968442376708
        },
        "ClearanceVariability": {
            "mean": 19.48758710225781,
            "std": 21.606894374012633
        },
        "DangerViolations": {
            "mean": 592.8571428571429,
            "std": 5798.385595163891
        },
        "TurningAngle": {
            "mean": 1815.9107071583749,
            "std": 1860.8558332218527
        },
        "JerkPerMeter": {
            "mean": 0.08112684591758706,
            "std": 0.07772791115223442
        },
        "SuccessRate": {
            "mean": 1.0,
            "std": 0.0
        },