{
    "VoronoiPlanner": {
        "PlanningTime": 71.59814821488256,
        "MinimumClearance": 1.6546366999732198,
        "AverageMinimumClearance": 4.6187182001215525,
        "ClearanceVariability": 100.31722775120066,
        "DangerViolations": 2.8038277511961724,
        "TurningAngle": 82.01119997721918,
        "JerkPerMeter": 0.30858177832218353,
        "SuccessRate": 0.8507157464212679,
        "OptimalDeviation": 0.4298177094802097,
        "PathCost": 41.55787362717426,
        "DistanceToGoal": 0.16347709639094024,
        "OptiSafeIndex": 0.7463462402226568,
        "NodesInPath": 2.923444976076555
    },
    "AStar": {
        "PlanningTime": 84.66659960715988,
        "MinimumClearance": 1.1987860371106756,
        "AverageMinimumClearance": 4.018941650065763,
        "ClearanceVariability": 127.15499972798787,
        "DangerViolations": 16849.079754601225,
        "TurningAngle": 180.5152178944229,
        "JerkPerMeter": 0.01416493077947881,
        "SuccessRate": 1.0,
        "OptimalDeviation": 0.0,
        "PathCost": 29.261383759026028,
        "DistanceToGoal": 0.0,
        "OptiSafeIndex": 0.4622568518169352,
        "NodesInPath": 5.973415132924336
    },
    "RRT": {
        "PlanningTime": 1180.4097834750012,
        "MinimumClearance": 0.9258017874005458,
        "AverageMinimumClearance": 3.841366554715212,
        "ClearanceVariability": 119.42775119164087,
        "DangerViolations": 226.82857142857142,
        "TurningAngle": 3204.4504812622763,
        "JerkPerMeter": 0.8981815844572077,
        "SuccessRate": 0.8588957055214724,
        "OptimalDeviation": 0.3024502297818976,
        "PathCost": 36.73613455049648,
        "DistanceToGoal": 0.0,
        "OptiSafeIndex": 0.37801765143794025,
        "NodesInPath": 91.6547619047619
    },
    "UPP": {
        "PlanningTime": 626.8706928518675,
        "MinimumClearance": 1.3318749589622032,
        "AverageMinimumClearance": 4.03282248396463,
        "ClearanceVariability": 126.4668857221997,
        "DangerViolations": 0.40899795501022496,
        "TurningAngle": 255.49838378824577,
        "JerkPerMeter": 0.019080422469203072,
        "SuccessRate": 1.0,
        "OptimalDeviation": -0.0005779100438570102,
        "PathCost": 29.20197344169899,
        "DistanceToGoal": 0.0,
        "OptiSafeIndex": 0.716366964301117,
        "NodesInPath": 7.638036809815951
    },
    "CBFRRT": {
        "PlanningTime": 1221.4686299586224,
        "MinimumClearance": 0.9270943002953402,
        "AverageMinimumClearance": 3.793631346602838,
        "ClearanceVariability": 113.96101276859635,
        "DangerViolations": 243.37209302325581,
        "TurningAngle": 3251.897857039159,
        "JerkPerMeter": 0.8920234403997,
        "SuccessRate": 0.8793456032719836,
        "OptimalDeviation": 0.30211778026676145,
        "PathCost": 37.3210513414499,
        "DistanceToGoal": 0.0,
        "OptiSafeIndex": 0.37935818013278505,
        "NodesInPath": 93.14883720930233
    },
    "FSPlanner": {
        "PlanningTime": 2200.2204347770626,
        "MinimumClearance": 1.4078721874933908,
        "AverageMinimumClearance": 4.472076051176029,
        "ClearanceVariability": 120.84072780037089,
        "DangerViolations": 167.280163599182,
        "TurningAngle": 188.71371245482447,
        "JerkPerMeter": 0.012130373644850768,
        "SuccessRate": 1.0,
        "OptimalDeviation": -0.023044680884258532,
        "PathCost": 28.654400265835335,
        "DistanceToGoal": 0.0,
        "OptiSafeIndex": 0.684605379696065,
        "NodesInPath": 6.1676891615541924
    },
    "SDFAStar": {
        "PlanningTime": 4631.326741295755,
        "MinimumClearance": 2.329517995851801,
        "AverageMinimumClearance": 4.505049398511193,
        "ClearanceVariability": 82.47294754785943,
        "DangerViolations": 0.8179959100204499,
        "TurningAngle": 3451.637810399434,
        "JerkPerMeter": 0.237158042726737,
        "SuccessRate": 1.0,
        "OptimalDeviation": 0.1227892405991537,
        "PathCost": 32.99518943073925,
        "DistanceToGoal": 0.0,
        "OptiSafeIndex": 0.8119953032678398,
        "NodesInPath": 48.897750511247445
    },
    "OptimizedAStar": {
        "PlanningTime": 459.77484415630965,
        "MinimumClearance": 1.4326978858164117,
        "AverageMinimumClearance": 4.637963081899882,
        "ClearanceVariability": 118.46399547046647,
        "DangerViolations": 2.65439672801636,
        "TurningAngle": 53.65999559162111,
        "JerkPerMeter": 0.11332928206100941,
        "SuccessRate": 1.0,
        "OptimalDeviation": 0.07365029494100761,
        "PathCost": 31.643108838313527,
        "DistanceToGoal": 0.0,
        "OptiSafeIndex": 0.6591728217264132,
        "NodesInPath": 2.740286298568507
    },
    "SafeAStar": {
        "PlanningTime": 615.0510010596628,
        "MinimumClearance": 1.3442613447602778,
        "AverageMinimumClearance": 4.337558023168951,
        "ClearanceVariability": 116.21595501453854,
        "DangerViolations": 0.40899795501022496,
        "TurningAngle": 1079.7414626585735,
        "JerkPerMeter": 0.07367051930723878,
        "SuccessRate": 1.0,
        "OptimalDeviation": 0.009636996205798656,
        "PathCost": 29.56651714106427,
        "DistanceToGoal": 0.0,
        "OptiSafeIndex": 0.7164911174406761,
        "NodesInPath": 25.957055214723926
    }
}