{
    "VoronoiPlanner": {
        "PlanningTime": {
            "mean": 91.25463718396182,
            "std": 5.881397535097562
        },
        "MinimumClearance": {
            "mean": 0.7027015839360617,
            "std": 0.6726661242421687
        },
        "AverageMinimumClearance": {
            "mean": 3.5694346585312737,
            "std": 1.6777303047062648
        },
        "ClearanceVariability": {
            "mean": 100.06870698947598,
            "std": 72.0183569602375
        },
        "DangerViolations": {
            "mean": 8.03076923076923,
            "std": 9.967592457975197
        },
        "TurningAngle": {
            "mean": 149.12339719420882,
            "std": 96.03928967923422
        },
        "JerkPerMeter": {
            "mean": 0.6127583392574806,
            "std": 0.6501036048112708
        },
        "SuccessRate": {
            "mean": 0.6565656565656566,
            "std": 0.474854920143158
        },
        "OptimalDeviation": {
            "mean": 1.3278748485235203,
            "std": 2.122912006894659
        },
        "PathCost": {
            "mean": 68.28670599258896,
            "std": 37.58594555023136
        },
        "OptiSafeIndex": {
            "mean": 0.49310526703531665,
            "std": 0.4452448323580083
        },
        "NodesInPath": {
            "mean": 3.707692307692308,
            "std": 0.8361648148739195
        }
    },
    "AStar": {
        "PlanningTime": {
            "mean": 120.74645960599423,
            "std": 277.9469315568264
        },
        "MinimumClearance": {
            "mean": 0.12494186029997012,
            "std": 0.2859869253021415
        },
        "AverageMinimumClearance": {
            "mean": 2.425851384975435,
            "std": 1.4808049129945835
        },
        "ClearanceVariability": {
            "mean": 111.04028020207981,
            "std": 94.5773712074022
        },
        "DangerViolations": {
            "mean": 24648.484848484848,
            "std": 17855.782322563762
        },
        "TurningAngle": {
            "mean": 278.82280247188737,
            "std": 189.52444482812044
        },
        "JerkPerMeter": {
            "mean": 0.0186554966870497,
            "std": 0.012003436203103127
        },
        "SuccessRate": {
            "mean": 1.0,
            "std": 0.0
        },
        "OptimalDeviation": {
            "mean": 0.0,
            "std": 0.0
        },
        "PathCost": {
            "mean": 34.89163490576382,
            "std": 12.33991692752352
        },
        "OptiSafeIndex": {
            "mean": 0.23266626323679246,
            "std": 0.3247605686908099
        },
        "NodesInPath": {
            "mean": 8.151515151515152,
            "std": 4.207649686717524
        }
    },
    "RRT": {
        "PlanningTime": {
            "mean": 1529.1860421704946,
            "std": 1578.0376612511502
        },
        "MinimumClearance": {
            "mean": 0.08513152945508175,
            "std": 0.1039297992899218
        },
        "AverageMinimumClearance": {
            "mean": 2.8073823401973788,
            "std": 1.162078477940811
        },
        "ClearanceVariability": {
            "mean": 109.43915310431609,
            "std": 79.33566740668493
        },
        "DangerViolations": {
            "mean": 316.3658536585366,
            "std": 347.98824314998444
        },
        "TurningAngle": {
            "mean": 3884.232292909176,
            "std": 1351.134435134662
        },
        "JerkPerMeter": {
            "mean": 0.9106914886272308,
            "std": 0.09036080171239998
        },
        "SuccessRate": {
            "mean": 0.8282828282828283,
            "std": 0.3771344384362519
        },
        "OptimalDeviation": {
            "mean": 0.3333424295204906,
            "std": 0.2852664437902575
        },
        "PathCost": {
            "mean": 44.55401857606655,
            "std": 15.234052136398489
        },
        "OptiSafeIndex": {
            "mean": 0.2306490220301606,
            "std": 0.14353831149149132
        },
        "NodesInPath": {
            "mean": 110.73170731707317,
            "std": 37.98685548670744
        }
    },
    "CBFRRT": {
        "PlanningTime": {
            "mean": 1913.3993029030446,
            "std": 2151.164798612226
        },
        "MinimumClearance": {
            "mean": 0.1648351905779534,
            "std": 0.32818806914270604
        },
        "AverageMinimumClearance": {
            "mean": 2.9232758866880775,
            "std": 1.4016846269768244
        },
        "ClearanceVariability": {
            "mean": 109.19019910740553,
            "std": 87.26943708249797
        },
        "DangerViolations": {
            "mean": 331.5853658536585,
            "std": 375.0756330629185
        },
        "TurningAngle": {
            "mean": 4017.824850476043,
            "std": 1351.1817845224734
        },
        "JerkPerMeter": {
            "mean": 0.9026029745361333,
            "std": 0.09127304333502695
        },
        "SuccessRate": {
            "mean": 0.8282828282828283,
            "std": 0.3771344384362519
        },
        "OptimalDeviation": {
            "mean": 0.38502583656583517,
            "std": 0.33349157678203145
        },
        "PathCost": {
            "mean": 46.23763856547313,
            "std": 14.92987599525295
        },
        "OptiSafeIndex": {
            "mean": 0.27825364568050487,
            "std": 0.21251636254908773
        },
        "NodesInPath": {
            "mean": 115.41463414634147,
            "std": 36.98547876532488
        }
    },
    "FSPlanner": {
        "PlanningTime": {
            "mean": 3725.382660242207,
            "std": 2719.8018092993425
        },
        "MinimumClearance": {
            "mean": 0.5142555952898774,
            "std": 0.8356850277115996
        },
        "AverageMinimumClearance": {
            "mean": 3.289031525690205,
            "std": 1.8571707753185955
        },
        "ClearanceVariability": {
            "mean": 113.03674257751958,
            "std": 105.5958993400846
        },
        "DangerViolations": {
            "mean": 321.2121212121212,
            "std": 422.18113956043914
        },
        "TurningAngle": {
            "mean": 349.6685121455709,
            "std": 574.7808863773681
        },
        "JerkPerMeter": {
            "mean": 0.021328747491329677,
            "std": 0.02785130150542764
        },
        "SuccessRate": {
            "mean": 1.0,
            "std": 0.0
        },
        "OptimalDeviation": {
            "mean": -0.008295342177231884,
            "std": 0.025483879921729603
        },
        "PathCost": {
            "mean": 34.54109476264008,
            "std": 12.169828725249733
        },
        "OptiSafeIndex": {
            "mean": 0.4491232944405151,
            "std": 0.3993300121791795
        },
        "NodesInPath": {
            "mean": 9.727272727272727,
            "std": 12.768979284027477
        }
    },
    "SDFAStar": {
        "PlanningTime": {
            "mean": 6204.794790606206,
            "std": 5194.640538362601
        },
        "MinimumClearance": {
            "mean": 1.4426928861816133,
            "std": 1.3144403363322077
        },
        "AverageMinimumClearance": {
            "mean": 3.310541476854399,
            "std": 1.6582412608525112
        },
        "ClearanceVariability": {
            "mean": 74.31104935670146,
            "std": 80.20576450252908
        },
        "DangerViolations": {
            "mean": 147.4747474747475,
            "std": 1203.475055395113
        },
        "TurningAngle": {
            "mean": 4193.095555592935,
            "std": 6643.505896331012
        },
        "JerkPerMeter": {
            "mean": 0.23049865474137438,
            "std": 0.3025183500133448
        },
        "SuccessRate": {
            "mean": 1.0,
            "std": 0.0
        },