{
    "VoronoiPlanner": {
        "PlanningTime": {
            "mean": 49.3349575297907,
            "std": 6.003701964945214
        },
        "MinimumClearance": {
            "mean": 0.00208113883008419,
            "std": 0.01645201693318834
        },
        "AverageMinimumClearance": {
            "mean": 0.022437825327550686,
            "std": 0.16063624635315854
        },
        "ClearanceVariability": {
            "mean": 0.1636583070427535,
            "std": 1.2886857362596849
        },
        "DangerViolations": {
            "mean": 0.02,
            "std": 0.19899748742132398
        },
        "TurningAngle": {
            "mean": 2.5676490516731643,
            "std": 20.33044633311059
        },
        "JerkPerMeter": {
            "mean": 0.009244718751399227,
            "std": 0.09198379017226227
        },
        "SuccessRate": {
            "mean": 0.02,
            "std": 0.13999999999999999
        },
        "OptimalDeviation": {
            "mean": -0.9784771566088432,
            "std": 0.15087839755726984
        },
        "PathCost": {
            "mean": 0.5090292835249276,
            "std": 4.096555891375901
        },
        "OptiSafeIndex": {
            "mean": 0.01782775758923044,
            "std": 0.1253152155683988
        },
        "NodesInPath": {
            "mean": 0.08,
            "std": 0.5775811631277459
        }
    },
    "AStar": {
        "PlanningTime": {
            "mean": 643.0857491501956,
            "std": 1025.1203321762512
        },
        "MinimumClearance": {
            "mean": 0.06881370849898476,
            "std": 0.13319036572746826
        },
        "AverageMinimumClearance": {
            "mean": 1.1484623994341503,
            "std": 0.858161009829302
        },
        "ClearanceVariability": {
            "mean": 47.79126289873645,
            "std": 53.11898351485334
        },
        "DangerViolations": {
            "mean": 65779.0,
            "std": 37611.339500209244
        },
        "TurningAngle": {
            "mean": 264.79946032589777,
            "std": 140.46831538239522
        },
        "JerkPerMeter": {
            "mean": 0.01589202691919108,
            "std": 0.00854376526522066
        },
        "SuccessRate": {
            "mean": 1.0,
            "std": 0.0
        },
        "OptimalDeviation": {
            "mean": 0.0,
            "std": 0.0
        },
        "PathCost": {
            "mean": 39.287812934323185,
            "std": 13.587242571078319
        },
        "OptiSafeIndex": {
            "mean": 0.2211626755050496,
            "std": 0.22805626224096445
        },
        "NodesInPath": {
            "mean": 7.83,
            "std": 3.1178678612154176
        }
    },
    "RRT": {
        "PlanningTime": {
            "mean": 2365.5879899990587,
            "std": 3222.105117828159
        },
        "MinimumClearance": {
            "mean": 0.07274826970471245,
            "std": 0.14759949638427797
        },
        "AverageMinimumClearance": {
            "mean": 1.3769407441756436,
            "std": 0.6748720284128654
        },
        "ClearanceVariability": {
            "mean": 35.55671423101556,
            "std": 31.26411818202053
        },
        "DangerViolations": {
            "mean": 815.0909090909091,
            "std": 743.6034095514734
        },
        "TurningAngle": {
            "mean": 4457.761102752726,
            "std": 1676.138713991099
        },
        "JerkPerMeter": {
            "mean": 0.916752468207463,
            "std": 0.09095659451080312
        },
        "SuccessRate": {
            "mean": 0.77,
            "std": 0.4208325082500162
        },
        "OptimalDeviation": {
            "mean": 0.32413820864665505,
            "std": 0.2411214046670966
        },
        "PathCost": {
            "mean": 50.27581905687792,
            "std": 18.160380772519314
        },
        "OptiSafeIndex": {
            "mean": 0.272544649546621,
            "std": 0.12887163804331211
        },
        "NodesInPath": {
            "mean": 125.75324675324676,
            "std": 46.592780178728
        }
    },
    "CBFRRT": {
        "PlanningTime": {
            "mean": 2954.6411325743734,
            "std": 7115.546877088277
        },
        "MinimumClearance": {
            "mean": 0.09933333333333333,
            "std": 0.20124501374085163
        },
        "AverageMinimumClearance": {
            "mean": 1.4424055142513565,
            "std": 0.758339223689734
        },
        "ClearanceVariability": {
            "mean": 39.193994960181676,
            "std": 36.574725302323735
        },
        "DangerViolations": {
            "mean": 894.5066666666667,
            "std": 904.650980556713
        },
        "TurningAngle": {
            "mean": 4138.334841474913,
            "std": 1683.5598075534685
        },
        "JerkPerMeter": {
            "mean": 0.8844654827570033,
            "std": 0.14079336350456972
        },
        "SuccessRate": {
            "mean": 0.74,
            "std": 0.4386342439892262
        },
        "OptimalDeviation": {
            "mean": 0.2735205021414084,
            "std": 0.258215842857497
        },
        "PathCost": {
            "mean": 48.085872896378504,
            "std": 19.168010661247887
        },
        "OptiSafeIndex": {
            "mean": 0.2937430176246394,
            "std": 0.1510831825391038
        },
        "NodesInPath": {
            "mean": 118.46666666666667,
            "std": 46.86273098695333
        }
    },
    "FSPlanner": {
        "PlanningTime": {
            "mean": 4548.8007691985695,
            "std": 3349.6187413343555
        },
        "MinimumClearance": {
            "mean": 0.18534698930163837,
            "std": 0.4118209484191137
        },
        "AverageMinimumClearance": {
            "mean": 2.091785975908771,
            "std": 1.3219672480349327
        },
        "ClearanceVariability": {
            "mean": 46.65311869132156,
            "std": 53.685824638323076
        },
        "DangerViolations": {
            "mean": 417.0,
            "std": 327.7361743842141
        },
        "TurningAngle": {
            "mean": 321.89135747041206,
            "std": 206.63008174659694
        },
        "JerkPerMeter": {
            "mean": 0.01850048003347675,
            "std": 0.011467172980021145
        },
        "SuccessRate": {
            "mean": 1.0,
            "std": 0.0
        },
        "OptimalDeviation": {
            "mean": 0.0005635088598713612,
            "std": 0.023151442361455988
        },
        "PathCost": {
            "mean": 39.19428847336719,
            "std": 13.251405983089994
        },
        "OptiSafeIndex": {
            "mean": 0.36492258817625767,
            "std": 0.3025473352886733
        },
        "NodesInPath": {
            "mean": 9.1,
            "std": 4.585847795119241
        }
    },
    "SDFAStar": {
        "PlanningTime": {
            "mean": 6410.510551241023,
            "std": 4623.988670943711
        },
        "MinimumClearance": {
            "mean": 1.1841678868977328,
            "std": 1.4328630135641574
        },
        "AverageMinimumClearance": {
            "mean": 2.2511902466701024,
            "std": 1.4970075019687201
        },
        "ClearanceVariability": {
            "mean": 32.74111770395663,
            "std": 44.452612568207655
        },
        "DangerViolations": {
            "mean": 287.0,
            "std": 2815.480598405892
        },
        "TurningAngle": {
            "mean": 1112.9359679990066,
            "std": 1449.3550667602437
        },
        "JerkPerMeter": {
            "mean": 0.05494050564240896,
            "std": 0.06714897998345068
        },
        "SuccessRate": {
            "mean": 1.0,
            "std": 0.0
        },
        "OptimalDeviation": {
            "mean": 0.10400678200336338,
            "std": 0.051899334323260236
        },