{
    "VoronoiPlanner": {
        "PlanningTime": {
            "mean": 78.98307349394824,
            "std": 3.0338148713678206
        },
        "MinimumClearance": {
            "mean": 0.4204222886834511,
            "std": 0.40314197213095143
        },
        "AverageMinimumClearance": {
            "mean": 2.4125211532674093,
            "std": 0.6180986547452851
        },
        "ClearanceVariability": {
            "mean": 27.442342598599723,
            "std": 17.782186377241462
        },
        "DangerViolations": {
            "mean": 1.2474226804123711,
            "std": 3.2901945163412285
        },
        "TurningAngle": {
            "mean": 128.1751554063109,
            "std": 107.26726105244407
        },
        "JerkPerMeter": {
            "mean": 0.41508963284492373,
            "std": 0.5465816076295081
        },
        "SuccessRate": {
            "mean": 0.97,
            "std": 0.1705872210923198
        },
        "OptimalDeviation": {
            "mean": 0.27535438190837497,
            "std": 0.9744360115335501
        },
        "PathCost": {
            "mean": 40.03633214463307,
            "std": 17.809759847620402
        },
        "OptiSafeIndex": {
            "mean": 0.7910582592792051,
            "std": 0.26754538230455055
        },
        "NodesInPath": {
            "mean": 4.082474226804123,
            "std": 1.666344249113081
        }
    },
    "AStar": {
        "PlanningTime": {
            "mean": 169.82504748084466,
            "std": 264.7091763798844
        },
        "MinimumClearance": {
            "mean": 0.11906659025922331,
            "std": 0.3202313961560332
        },
        "AverageMinimumClearance": {
            "mean": 1.9759567475635231,
            "std": 1.0323307688527363
        },
        "ClearanceVariability": {
            "mean": 39.92759032149607,
            "std": 40.3503696046706
        },
        "DangerViolations": {
            "mean": 8000.0,
            "std": 7678.684783216459
        },
        "TurningAngle": {
            "mean": 1098.9283792846306,
            "std": 1050.9439780764658
        },
        "JerkPerMeter": {
            "mean": 0.08183246392013371,
            "std": 0.09256934375275344
        },
        "SuccessRate": {
            "mean": 1.0,
            "std": 0.0
        },
        "OptimalDeviation": {
            "mean": 0.0,
            "std": 0.0
        },
        "PathCost": {
            "mean": 33.78364784783184,
            "std": 12.138005556672779
        },
        "OptiSafeIndex": {
            "mean": 0.33270621897546193,
            "std": 0.36208479111276587
        },
        "NodesInPath": {
            "mean": 26.22,
            "std": 23.276846865501348
        }
    },
    "RRT": {
        "PlanningTime": {
            "mean": 1107.0612739657174,
            "std": 1141.1554534842007
        },
        "MinimumClearance": {
            "mean": 0.13339695321755382,
            "std": 0.1986191608432881
        },
        "AverageMinimumClearance": {
            "mean": 1.9786092887604214,
            "std": 0.48287317862049317
        },
        "ClearanceVariability": {
            "mean": 32.71646528362484,
            "std": 27.704580769389302
        },
        "DangerViolations": {
            "mean": 155.79545454545453,
            "std": 182.3505713959508
        },
        "TurningAngle": {
            "mean": 3658.8591326960673,
            "std": 1484.1190347739216
        },
        "JerkPerMeter": {
            "mean": 0.8986602781835319,
            "std": 0.11595689095278806
        },
        "SuccessRate": {
            "mean": 0.88,
            "std": 0.3249615361854384
        },
        "OptimalDeviation": {
            "mean": 0.2830232435894598,
            "std": 0.19958733910957907
        },
        "PathCost": {
            "mean": 42.103862536240236,
            "std": 16.158775307710346
        },
        "OptiSafeIndex": {
            "mean": 0.3796804004486028,
            "std": 0.24653807082807136
        },
        "NodesInPath": {
            "mean": 104.57954545454545,
            "std": 40.179065555140745
        }
    },
    "CBFRRT": {
        "PlanningTime": {
            "mean": 1108.2749798502846,
            "std": 938.0118795592601
        },
        "MinimumClearance": {
            "mean": 0.1341603843253924,
            "std": 0.2010932402585005
        },
        "AverageMinimumClearance": {
            "mean": 1.930540659710467,
            "std": 0.4300169169815593
        },
        "ClearanceVariability": {
            "mean": 29.475806017185818,
            "std": 21.397870824608948
        },
        "DangerViolations": {
            "mean": 188.675,
            "std": 222.98541291976926
        },
        "TurningAngle": {
            "mean": 3593.2201011740663,
            "std": 1426.703286401382
        },
        "JerkPerMeter": {
            "mean": 0.8922232122095665,
            "std": 0.09932030514162692
        },
        "SuccessRate": {
            "mean": 0.8,
            "std": 0.4
        },
        "OptimalDeviation": {
            "mean": 0.2843736921035607,
            "std": 0.17128174020319129
        },
        "PathCost": {
            "mean": 41.62104731191838,
            "std": 16.252102136352356
        },
        "OptiSafeIndex": {
            "mean": 0.36515991561896,
            "std": 0.23039055293189267
        },
        "NodesInPath": {
            "mean": 102.5125,
            "std": 39.42175596989561
        }
    },
    "FSPlanner": {
        "PlanningTime": {
            "mean": 2989.0960202206043,
            "std": 1865.471157531181
        },
        "MinimumClearance": {
            "mean": 0.4402739433689066,
            "std": 0.4892942415258868
        },
        "AverageMinimumClearance": {
            "mean": 2.506165420075463,
            "std": 1.0549213304574192
        },
        "ClearanceVariability": {
            "mean": 35.47332470883614,
            "std": 36.38699462831941
        },
        "DangerViolations": {
            "mean": 78.0,
            "std": 125.36347155371855
        },
        "TurningAngle": {
            "mean": 720.9322109954555,
            "std": 979.82300091158
        },
        "JerkPerMeter": {
            "mean": 0.046977152219580605,
            "std": 0.0629052438149433
        },
        "SuccessRate": {
            "mean": 1.0,
            "std": 0.0
        },
        "OptimalDeviation": {
            "mean": -0.005696502827968054,
            "std": 0.01746292483066948
        },
        "PathCost": {
            "mean": 33.582239297648,
            "std": 12.103743762036938
        },
        "OptiSafeIndex": {
            "mean": 0.6729505876915199,
            "std": 0.38409281517865007
        },
        "NodesInPath": {
            "mean": 17.98,
            "std": 21.77245048220342
        }
    },
    "SDFAStar": {
        "PlanningTime": {
            "mean": 5193.358169020939,
            "std": 4112.438317813641
        },
        "MinimumClearance": {
            "mean": 1.1456916496485612,
            "std": 0.7395374526861767
        },
        "AverageMinimumClearance": {
            "mean": 2.7151253454860207,
            "std": 0.9889609240881112
        },
        "ClearanceVariability": {
            "mean": 25.746922617159793,
            "std": 32.66949884781093
        },
        "DangerViolations": {
            "mean": 22.0,
            "std": 140.41367454774482
        },
        "TurningAngle": {
            "mean": 3698.7074765927987,
            "std": 2076.7580741087327
        },
        "JerkPerMeter": {
            "mean": 0.2156185144210433,
            "std": 0.12908066427831105
        },
        "SuccessRate": {
            "mean": 1.0,
            "std": 0.0
        },
        "OptimalDeviation": {
            "mean": 0.13765854500670532,
            "std": 0.05927083815020027
        },