{
    "VoronoiPlanner": {
        "PlanningTime": 71.59433067272589,
        "MinimumClearance": 0.8387683830790433,
        "AverageMinimumClearance": 2.806155606283736,
        "ClearanceVariability": 32.471018447955615,
        "DangerViolations": 1.0030612244897958,
        "TurningAngle": 87.9690944545544,
        "JerkPerMeter": 0.27719504168804265,
        "SuccessRate": 0.9849246231155779,
        "OptimalDeviation": 0.1692719637858969,
        "PathCost": 32.730498311146945,
        "DistanceToGoal": 0.0,
        "OptiSafeIndex": 0.8355643224022556,
        "NodesInPath": 3.379591836734694
    },
    "AStar": {
        "PlanningTime": 121.50445586964301,
        "MinimumClearance": 0.601025904666905,
        "AverageMinimumClearance": 2.478708032915608,
        "ClearanceVariability": 41.73197057371552,
        "DangerViolations": 6242.51256281407,
        "TurningAngle": 894.04746565406,
        "JerkPerMeter": 0.06906843104332865,
        "SuccessRate": 1.0,
        "OptimalDeviation": 0.0,
        "PathCost": 28.64808085894248,
        "DistanceToGoal": 0.0,
        "OptiSafeIndex": 0.40803098672362864,
        "NodesInPath": 21.717587939698493
    },
    "RRT": {
        "PlanningTime": 1261.8846835751046,
        "MinimumClearance": 0.37247662273130194,
        "AverageMinimumClearance": 2.2570788174351057,
        "ClearanceVariability": 37.01181384431838,
        "DangerViolations": 159.88761467889907,
        "TurningAngle": 3109.0414667490127,
        "JerkPerMeter": 0.8797673571685893,
        "SuccessRate": 0.8753768844221106,
        "OptimalDeviation": 0.2886196718977807,
        "PathCost": 36.033916714202434,
        "DistanceToGoal": 0.0057445429581910006,
        "OptiSafeIndex": 0.3785119594992524,
        "NodesInPath": 89.47133027522936
    },
    "UPP": {
        "PlanningTime": 460.7848834018831,
        "MinimumClearance": 0.7497974030339049,
        "AverageMinimumClearance": 2.46541382995642,
        "ClearanceVariability": 38.83578581840729,
        "DangerViolations": 2.3115577889447234,
        "TurningAngle": 1173.3259666917356,
        "JerkPerMeter": 0.09041665349371629,
        "SuccessRate": 1.0,
        "OptimalDeviation": -0.0031751082100498797,
        "PathCost": 28.511080793368137,
        "DistanceToGoal": 0.0,
        "OptiSafeIndex": 0.7174751193762833,
        "NodesInPath": 28.030150753768844
    },
    "CBFRRT": {
        "PlanningTime": 1057.631398181601,
        "MinimumClearance": 0.3976637388869788,
        "AverageMinimumClearance": 2.2446305958028034,
        "ClearanceVariability": 35.934137053427726,
        "DangerViolations": 166.75806451612902,
        "TurningAngle": 3136.6124874390243,
        "JerkPerMeter": 0.8860090657177149,
        "SuccessRate": 0.8723618090452261,
        "OptimalDeviation": 0.29174750299368,
        "PathCost": 36.208489954410496,
        "DistanceToGoal": 0.0,
        "OptiSafeIndex": 0.37995642201441676,
        "NodesInPath": 90.10829493087557
    },
    "FSPlanner": {
        "PlanningTime": 2196.0038761914843,
        "MinimumClearance": 0.8425498020499347,
        "AverageMinimumClearance": 2.8043832046028876,
        "ClearanceVariability": 37.08005516706322,
        "DangerViolations": 49.65628140703517,
        "TurningAngle": 610.7621262257071,
        "JerkPerMeter": 0.03984560087394594,
        "SuccessRate": 1.0,
        "OptimalDeviation": -0.019316614437791636,
        "PathCost": 28.19386171068785,
        "DistanceToGoal": 0.0,
        "OptiSafeIndex": 0.7396904040101964,
        "NodesInPath": 15.544723618090453
    },
    "SDFAStar": {
        "PlanningTime": 4150.07393492009,
        "MinimumClearance": 1.5016840619383536,
        "AverageMinimumClearance": 3.109323530126706,
        "ClearanceVariability": 27.914431598915804,
        "DangerViolations": 27.839195979899497,
        "TurningAngle": 3041.362756587505,
        "JerkPerMeter": 0.21467897175026984,
        "SuccessRate": 1.0,
        "OptimalDeviation": 0.12585833217003667,
        "PathCost": 32.43157756670238,
        "DistanceToGoal": 0.0,
        "OptiSafeIndex": 0.7964765202599885,
        "NodesInPath": 58.51356783919598
    },
    "OptimizedAStar": {
        "PlanningTime": 610.3178472647762,
        "MinimumClearance": 0.752612413351603,
        "AverageMinimumClearance": 3.030240268638877,
        "ClearanceVariability": 42.51141778424682,
        "DangerViolations": 1.3809045226130654,
        "TurningAngle": 66.02219712116744,
        "JerkPerMeter": 0.15227325367488026,
        "SuccessRate": 1.0,
        "OptimalDeviation": 0.08405369722267904,
        "PathCost": 31.237632929805688,
        "DistanceToGoal": 0.0,
        "OptiSafeIndex": 0.6368214125767967,
        "NodesInPath": 2.8954773869346733
    },
    "SafeAStar": {
        "PlanningTime": 466.6789088615254,
        "MinimumClearance": 0.7924701139456863,
        "AverageMinimumClearance": 2.6681932292701354,
        "ClearanceVariability": 37.30007903759044,
        "DangerViolations": 2.1105527638190953,
        "TurningAngle": 1667.8586088011443,
        "JerkPerMeter": 0.12320666744338539,
        "SuccessRate": 1.0,
        "OptimalDeviation": 0.0030624684751590675,
        "PathCost": 28.724316155151985,
        "DistanceToGoal": 0.0,
        "OptiSafeIndex": 0.7512163373352531,
        "NodesInPath": 39.029145728643215
    }
}