{
    "VoronoiPlanner": {
        "PlanningTime": {
            "mean": 6.154789890861139,
            "std": 2.050809832513468
        },
        "MinimumClearance": {
            "mean": 0.0,
            "std": 0.0
        },
        "AverageMinimumClearance": {
            "mean": 0.008179991190731194,
            "std": 0.04772885949485425
        },
        "ClearanceVariability": {
            "mean": 0.01575087430880041,
            "std": 0.09759679654772126
        },
        "DangerViolations": {
            "mean": 1.66,
            "std": 9.508122843127344
        },
        "TurningAngle": {
            "mean": 2.290531396729227,
            "std": 13.86767537595908
        },
        "JerkPerMeter": {
            "mean": 0.0,
            "std": 0.0
        },
        "SuccessRate": {
            "mean": 0.03,
            "std": 0.17058722109231983
        },
        "OptimalDeviation": {
            "mean": -0.9637439113610611,
            "std": 0.2113471134773418
        },
        "PathCost": {
            "mean": 0.10647562364457591,
            "std": 0.638716574645227
        },
        "OptiSafeIndex": {
            "mean": 0.0019701123312254295,
            "std": 0.017166190475940812
        },
        "NodesInPath": {
            "mean": 0.09,
            "std": 0.5117616632769595
        }
    },
    "AStar": {
        "PlanningTime": {
            "mean": 33.83421739868936,
            "std": 35.74860017460521
        },
        "MinimumClearance": {
            "mean": 0.05874595039641832,
            "std": 0.03706633664150745
        },
        "AverageMinimumClearance": {
            "mean": 0.2084589782373295,
            "std": 0.09372104009157903
        },
        "ClearanceVariability": {
            "mean": 0.5627185592467874,
            "std": 0.43341153012761524
        },
        "DangerViolations": {
            "mean": 5838.0,
            "std": 4633.87052041811
        },
        "TurningAngle": {
            "mean": 260.3337941451096,
            "std": 157.06214206164665
        },
        "JerkPerMeter": {
            "mean": 0.1274137404576206,
            "std": 0.05768301205475476
        },
        "SuccessRate": {
            "mean": 1.0,
            "std": 0.0
        },
        "OptimalDeviation": {
            "mean": 0.0,
            "std": 0.0
        },
        "PathCost": {
            "mean": 4.370938092565733,
            "std": 1.891865351048588
        },
        "OptiSafeIndex": {
            "mean": 0.36262413920748465,
            "std": 0.2871503659655322
        },
        "NodesInPath": {
            "mean": 7.78,
            "std": 3.488782022425591
        }
    },
    "RRT": {
        "PlanningTime": {
            "mean": 63.740648071821354,
            "std": 68.0250054998905
        },
        "MinimumClearance": {
            "mean": 0.0644481111154474,
            "std": 0.027486940221527954
        },
        "AverageMinimumClearance": {
            "mean": 0.31906936309012457,
            "std": 0.07998272402139506
        },
        "ClearanceVariability": {
            "mean": 0.6310203405715776,
            "std": 0.3709027631637069
        },
        "DangerViolations": {
            "mean": 135.85454545454544,
            "std": 125.82576960829866
        },
        "TurningAngle": {
            "mean": 523.2401659999177,
            "std": 270.9891069874565
        },
        "JerkPerMeter": {
            "mean": 1.014522533011248,
            "std": 0.2737723080025506
        },
        "SuccessRate": {
            "mean": 0.55,
            "std": 0.4974937185533099
        },
        "OptimalDeviation": {
            "mean": 0.3346571797457144,
            "std": 0.2881730547643181
        },
        "PathCost": {
            "mean": 4.617867893035643,
            "std": 1.9660232267366848
        },
        "OptiSafeIndex": {
            "mean": 0.36836891445868397,
            "std": 0.22152771179515995
        },
        "NodesInPath": {
            "mean": 13.581818181818182,
            "std": 5.416106985283162
        }
    },
    "CBFRRT": {
        "PlanningTime": {
            "mean": 71.30642984141065,
            "std": 68.55248036779841
        },
        "MinimumClearance": {
            "mean": 0.05789473684210526,
            "std": 0.02253549575204409
        },
        "AverageMinimumClearance": {
            "mean": 0.30556160153073053,
            "std": 0.06907945317227623
        },
        "ClearanceVariability": {
            "mean": 0.5789092247444928,
            "std": 0.36149327720164093
        },
        "DangerViolations": {
            "mean": 178.59649122807016,
            "std": 195.2865514588011
        },
        "TurningAngle": {
            "mean": 515.1121210510477,
            "std": 236.81068602834256
        },
        "JerkPerMeter": {
            "mean": 0.9951795582369234,
            "std": 0.24910622152004838
        },
        "SuccessRate": {
            "mean": 0.57,
            "std": 0.4950757517794625
        },
        "OptimalDeviation": {
            "mean": 0.32792349885991595,
            "std": 0.24054958689320424
        },
        "PathCost": {
            "mean": 4.686577759747633,
            "std": 1.9390402420019395
        },
        "OptiSafeIndex": {
            "mean": 0.35354730929535244,
            "std": 0.19918018289590061
        },
        "NodesInPath": {
            "mean": 13.807017543859649,
            "std": 5.072936782198596
        }
    },
    "FSPlanner": {
        "PlanningTime": {
            "mean": 90.7964568589523,
            "std": 60.08339348740368
        },
        "MinimumClearance": {
            "mean": 0.07564026809042178,
            "std": 0.06876445188619715
        },
        "AverageMinimumClearance": {
            "mean": 0.3272153480402632,
            "std": 0.07839898245068323
        },
        "ClearanceVariability": {
            "mean": 0.46500904364573814,
            "std": 0.310032384596916
        },
        "DangerViolations": {
            "mean": 788.0,
            "std": 641.2924449890237
        },
        "TurningAngle": {
            "mean": 311.1779368703549,
            "std": 167.25008849205082
        },
        "JerkPerMeter": {
            "mean": 0.15061443277284897,
            "std": 0.053692291187963884
        },
        "SuccessRate": {
            "mean": 1.0,
            "std": 0.0
        },
        "OptimalDeviation": {
            "mean": 0.02378949711849197,
            "std": 0.025245171014205234
        },
        "PathCost": {
            "mean": 4.4656508627254405,
            "std": 1.9224935356502957
        },
        "OptiSafeIndex": {
            "mean": 0.4284598250960224,
            "std": 0.3047487373187503
        },
        "NodesInPath": {
            "mean": 8.91,
            "std": 3.7150908468030766
        }
    },
    "SDFAStar": {
        "PlanningTime": {
            "mean": 102.28182941064006,
            "std": 84.19505375187966
        },
        "MinimumClearance": {
            "mean": 0.1278361874933506,
            "std": 0.09424918655969886
        },
        "AverageMinimumClearance": {
            "mean": 0.28171313010343474,
            "std": 0.1107991124735408
        },
        "ClearanceVariability": {
            "mean": 0.36472153338490854,
            "std": 0.328816119094986
        },
        "DangerViolations": {
            "mean": 1820.0,
            "std": 3150.7776817795316
        },
        "TurningAngle": {
            "mean": 585.7117996439405,
            "std": 346.80020098397915
        },
        "JerkPerMeter": {
            "mean": 0.25604712710909217,
            "std": 0.1470552377889351
        },
        "SuccessRate": {
            "mean": 1.0,
            "std": 0.0
        },
        "OptimalDeviation": {
            "mean": 0.10557815308326043,
            "std": 0.06517168567344407
        },
        "PathCost": {
            "mean": 4.8878699833466985,