{
    "VoronoiPlanner": {
        "PlanningTime": {
            "mean": 10.476158571833224,
            "std": 2.526208254209659
        },
        "MinimumClearance": {
            "mean": 0.13238906689412422,
            "std": 0.09789547781839929
        },
        "AverageMinimumClearance": {
            "mean": 0.42568431349847624,
            "std": 0.17461685841384958
        },
        "ClearanceVariability": {
            "mean": 0.6816597366035493,
            "std": 0.6881154974043222
        },
        "DangerViolations": {
            "mean": 3.6363636363636362,
            "std": 10.373428957451871
        },
        "TurningAngle": {
            "mean": 80.51250735267497,
            "std": 55.219878687547975
        },
        "JerkPerMeter": {
            "mean": 0.12007800789366689,
            "std": 0.29701416110060364
        },
        "SuccessRate": {
            "mean": 0.68,
            "std": 0.466476151587624
        },
        "OptimalDeviation": {
            "mean": 0.04863297232061808,
            "std": 0.4500285944386585
        },
        "PathCost": {
            "mean": 3.4286350413126794,
            "std": 1.5479011035658061
        },
        "OptiSafeIndex": {
            "mean": 0.6631365654503416,
            "std": 0.3524038482299231
        },
        "NodesInPath": {
            "mean": 2.8181818181818183,
            "std": 1.1134044285378084
        }
    },
    "AStar": {
        "PlanningTime": {
            "mean": 5.052613360749092,
            "std": 3.9320979146412496
        },
        "MinimumClearance": {
            "mean": 0.059956343532414635,
            "std": 0.033618995675407715
        },
        "AverageMinimumClearance": {
            "mean": 0.35350059352146374,
            "std": 0.14500088597985977
        },
        "ClearanceVariability": {
            "mean": 1.387764790193269,
            "std": 1.6878135826250276
        },
        "DangerViolations": {
            "mean": 2478.0,
            "std": 1701.6215795528688
        },
        "TurningAngle": {
            "mean": 143.2802974303052,
            "std": 70.12136202440732
        },
        "JerkPerMeter": {
            "mean": 0.09849961586766527,
            "std": 0.05139797879811648
        },
        "SuccessRate": {
            "mean": 1.0,
            "std": 0.0
        },
        "OptimalDeviation": {
            "mean": 0.0,
            "std": 0.0
        },
        "PathCost": {
            "mean": 3.40855122421383,
            "std": 1.0989553329557282
        },
        "OptiSafeIndex": {
            "mean": 0.4709403777693023,
            "std": 0.3437785461141367
        },
        "NodesInPath": {
            "mean": 5.18,
            "std": 1.5580757362849855
        }
    },
    "RRT": {
        "PlanningTime": {
            "mean": 35.80379886605013,
            "std": 23.362850467472157
        },
        "MinimumClearance": {
            "mean": 0.09223054958496987,
            "std": 0.06873036302760306
        },
        "AverageMinimumClearance": {
            "mean": 0.42271298050258954,
            "std": 0.11259269480224278
        },
        "ClearanceVariability": {
            "mean": 1.0569127332534982,
            "std": 1.2213697380899868
        },
        "DangerViolations": {
            "mean": 71.64044943820225,
            "std": 98.87845758849043
        },
        "TurningAngle": {
            "mean": 476.2766934874308,
            "std": 195.07963658526782
        },
        "JerkPerMeter": {
            "mean": 0.9613078213830256,
            "std": 0.2635663077944722
        },
        "SuccessRate": {
            "mean": 0.89,
            "std": 0.3128897569432403
        },
        "OptimalDeviation": {
            "mean": 0.29976380572208416,
            "std": 0.23315132116151657
        },
        "PathCost": {
            "mean": 4.4513148241870635,
            "std": 1.3663192786683163
        },
        "OptiSafeIndex": {
            "mean": 0.4921388374984963,
            "std": 0.2397764984012762
        },
        "NodesInPath": {
            "mean": 13.0561797752809,
            "std": 3.673040410248885
        }
    },
    "CBFRRT": {
        "PlanningTime": {
            "mean": 38.5411716994117,
            "std": 32.700844384281346
        },
        "MinimumClearance": {
            "mean": 0.09750407786229857,
            "std": 0.07350233570737522
        },
        "AverageMinimumClearance": {
            "mean": 0.4043631223336806,
            "std": 0.10841236706775122
        },
        "ClearanceVariability": {
            "mean": 0.854397602687602,
            "std": 0.8188993368810878
        },
        "DangerViolations": {
            "mean": 83.80722891566265,
            "std": 113.9501537432233
        },
        "TurningAngle": {
            "mean": 434.0398124984412,
            "std": 193.32516587918255
        },
        "JerkPerMeter": {
            "mean": 0.9471049309761695,
            "std": 0.25508916498805456
        },
        "SuccessRate": {
            "mean": 0.83,
            "std": 0.375632799419859
        },
        "OptimalDeviation": {
            "mean": 0.30229323379731143,
            "std": 0.33942867236099944
        },
        "PathCost": {
            "mean": 4.15248904433834,
            "std": 1.3036868389357166
        },
        "OptiSafeIndex": {
            "mean": 0.5130062762259268,
            "std": 0.2480748777224987
        },
        "NodesInPath": {
            "mean": 12.19277108433735,
            "std": 3.52087691474758
        }
    },
    "FSPlanner": {
        "PlanningTime": {
            "mean": 47.36735001075431,
            "std": 25.314887314983263
        },
        "MinimumClearance": {
            "mean": 0.11214189292824343,
            "std": 0.07920982167932455
        },
        "AverageMinimumClearance": {
            "mean": 0.46302045532374847,
            "std": 0.15230869945530195
        },
        "ClearanceVariability": {
            "mean": 1.164376633789753,
            "std": 1.704953420423114
        },
        "DangerViolations": {
            "mean": 190.0,
            "std": 174.0689518552921
        },
        "TurningAngle": {
            "mean": 163.5239740011538,
            "std": 112.53710607925805
        },
        "JerkPerMeter": {
            "mean": 0.10398752212833276,
            "std": 0.06337887105465448
        },
        "SuccessRate": {
            "mean": 1.0,
            "std": 0.0
        },
        "OptimalDeviation": {
            "mean": 0.00602770821561886,
            "std": 0.036620432075757145
        },
        "PathCost": {
            "mean": 3.418348734790637,
            "std": 1.0806712135673227
        },
        "OptiSafeIndex": {
            "mean": 0.6316140590475068,
            "std": 0.3364618801930121
        },
        "NodesInPath": {
            "mean": 5.63,
            "std": 2.50061992313906
        }
    },
    "SDFAStar": {
        "PlanningTime": {
            "mean": 50.34070752066327,
            "std": 34.602518584617634
        },
        "MinimumClearance": {
            "mean": 0.23310237893132665,
            "std": 0.14366029700845054
        },
        "AverageMinimumClearance": {
            "mean": 0.4816903564342385,
            "std": 0.17535937000719598
        },
        "ClearanceVariability": {
            "mean": 0.8882065330274835,
            "std": 1.596982193500233
        },
        "DangerViolations": {
            "mean": 270.0,
            "std": 855.043858524228
        },
        "TurningAngle": {
            "mean": 575.2812074160282,
            "std": 390.37405201019203
        },
        "JerkPerMeter": {
            "mean": 0.3187758999023736,
            "std": 0.196494502447197
        },
        "SuccessRate": {
            "mean": 1.0,
            "std": 0.0
        },
        "OptimalDeviation": {
            "mean": 0.10127799947800278,