{
    "VoronoiPlanner": {
        "PlanningTime": 5.58097096980505,
        "MinimumClearance": 0.24095761175342423,
        "AverageMinimumClearance": 0.5249819044201711,
        "ClearanceVariability": 0.8392002956923821,
        "DangerViolations": 2.9936507936507937,
        "TurningAngle": 35.93395952689867,
        "JerkPerMeter": 0.049800384438120356,
        "SuccessRate": 0.8512747875354107,
        "OptimalDeviation": 0.015253799434881744,
        "PathCost": 2.6349170678222467,
        "DistanceToGoal": 0.15344924821529152,
        "OptiSafeIndex": 0.8558632629475101,
        "NodesInPath": 2.3857142857142857
    },
    "AStar": {
        "PlanningTime": 3.6214022900811567,
        "MinimumClearance": 0.19196621411625756,
        "AverageMinimumClearance": 0.4751232984267304,
        "ClearanceVariability": 1.1788662797684109,
        "DangerViolations": 1407.3654390934844,
        "TurningAngle": 101.81503829013151,
        "JerkPerMeter": 0.08452218201814216,
        "SuccessRate": 1.0,
        "OptimalDeviation": 0.0,
        "PathCost": 2.793730029172989,
        "DistanceToGoal": 0.0,
        "OptiSafeIndex": 0.6818732600777404,
        "NodesInPath": 4.242209631728045
    },
    "RRT": {
        "PlanningTime": 34.01424501392263,
        "MinimumClearance": 0.17469711160121856,
        "AverageMinimumClearance": 0.4948533538674669,
        "ClearanceVariability": 1.0226027132175004,
        "DangerViolations": 48.74801901743265,
        "TurningAngle": 381.4332690125916,
        "JerkPerMeter": 0.876941865042448,
        "SuccessRate": 0.8937677053824362,
        "OptimalDeviation": 0.35976273970646644,
        "PathCost": 3.6117633416539605,
        "DistanceToGoal": 0.0,
        "OptiSafeIndex": 0.5092738592127832,
        "NodesInPath": 10.887480190174326
    },
    "UPP": {
        "PlanningTime": 211.264064711938,
        "MinimumClearance": 0.29071697184210826,
        "AverageMinimumClearance": 0.5254453863528402,
        "ClearanceVariability": 0.8227714790169061,
        "DangerViolations": 10.49645390070922,
        "TurningAngle": 200.57847173711409,
        "JerkPerMeter": 0.1462537520314657,
        "SuccessRate": 1,
        "OptimalDeviation": 0.04561210220869984,
        "PathCost": 2.9109863460038583,
        "DistanceToGoal": 0.0,
        "OptiSafeIndex": 0.9092009200271987,
        "NodesInPath": 6.431205673758865
    },
    "CBFRRT": {
        "PlanningTime": 33.60908516573683,
        "MinimumClearance": 0.1751916586570833,
        "AverageMinimumClearance": 0.49866003685950644,
        "ClearanceVariability": 1.0181180853117708,
        "DangerViolations": 44.39869281045752,
        "TurningAngle": 375.17288614157906,
        "JerkPerMeter": 0.887540497721225,
        "SuccessRate": 0.8668555240793201,
        "OptimalDeviation": 0.33363497246931656,
        "PathCost": 3.5095228434419505,
        "DistanceToGoal": 0.0,
        "OptiSafeIndex": 0.5383910943212177,
        "NodesInPath": 10.665032679738562
    },
    "FSPlanner": {
        "PlanningTime": 28.493885901683928,
        "MinimumClearance": 0.2257312984047941,
        "AverageMinimumClearance": 0.5290536764044094,
        "ClearanceVariability": 1.0072783170566046,
        "DangerViolations": 89.37872340425533,
        "TurningAngle": 87.155451915283,
        "JerkPerMeter": 0.05435904496843081,
        "SuccessRate": 1,
        "OptimalDeviation": -0.018821286836467603,
        "PathCost": 2.753792752272756,
        "DistanceToGoal": 0.0,
        "OptiSafeIndex": 0.8464060099603936,
        "NodesInPath": 3.9304964539007092
    },
    "SDFAStar": {
        "PlanningTime": 38.577763239460076,
        "MinimumClearance": 0.31732507893393747,
        "AverageMinimumClearance": 0.5633557972560702,
        "ClearanceVariability": 0.7979568246194274,
        "DangerViolations": 131.34751773049646,
        "TurningAngle": 426.6576821488639,
        "JerkPerMeter": 0.2845987332241363,
        "SuccessRate": 1,
        "OptimalDeviation": 0.0713277690879472,
        "PathCost": 3.026149988417862,
        "DistanceToGoal": 0.0,
        "OptiSafeIndex": 0.8692820495079154,
        "NodesInPath": 10.198581560283689
    },
    "OptimizedAStar": {
        "PlanningTime": 72.74851418754204,
        "MinimumClearance": 0.22901713629919285,
        "AverageMinimumClearance": 0.6104710411835653,
        "ClearanceVariability": 1.5915787717069465,
        "DangerViolations": 4.079432624113475,
        "TurningAngle": 53.53451506240161,
        "JerkPerMeter": 0.06610290119905138,
        "SuccessRate": 1,
        "OptimalDeviation": 0.1743628906058251,
        "PathCost": 3.291921186109387,
        "DistanceToGoal": 0.0,
        "OptiSafeIndex": 0.7358406482745975,
        "NodesInPath": 2.571631205673759
    },
    "SafeAStar": {
        "PlanningTime": 21.4604488122343,
        "MinimumClearance": 0.28568264655282727,
        "AverageMinimumClearance": 0.573831273885852,
        "ClearanceVariability": 0.7858480196233892,
        "DangerViolations": 13.617021276595745,
        "TurningAngle": 301.41559369556205,
        "JerkPerMeter": 0.21422141668089706,
        "SuccessRate": 1,
        "OptimalDeviation": 0.03530181305006389,
        "PathCost": 2.8929178441489753,
        "DistanceToGoal": 0.0,
        "OptiSafeIndex": 0.9131475715560028,
        "NodesInPath": 8.690780141843971
    }
}