{
    "VoronoiPlanner": {
        "PlanningTime": 1.726248195318365,
        "MinimumClearance": 0.1863534593836284,
        "AverageMinimumClearance": 0.33886275854422476,
        "ClearanceVariability": 0.17087398081698144,
        "DangerViolations": 5.2682926829268295,
        "TurningAngle": 0.0,
        "JerkPerMeter": 0.0,
        "SuccessRate": 0.13804713804713806,
        "OptimalDeviation": -0.04827000402209693,
        "PathCost": 1.0041918554300489,
        "DistanceToGoal": 0.0,
        "OptiSafeIndex": 1.0,
        "NodesInPath": 2.0
    },
    "AStar": {
        "PlanningTime": 17.226340602709538,
        "MinimumClearance": 0.07056023894028528,
        "AverageMinimumClearance": 0.21890285529515663,
        "ClearanceVariability": 0.46441747746897827,
        "DangerViolations": 4275.0841750841755,
        "TurningAngle": 210.03498357236805,
        "JerkPerMeter": 0.14158213841935088,
        "SuccessRate": 1.0,
        "OptimalDeviation": 0.0,
        "PathCost": 3.36918952461853,
        "DistanceToGoal": 0.0,
        "OptiSafeIndex": 0.8165728577149239,
        "NodesInPath": 6.6632996632996635
    },
    "RRT": {
        "PlanningTime": 352.5003266062761,
        "MinimumClearance": 0.07864071298121036,
        "AverageMinimumClearance": 0.2795917215126865,
        "ClearanceVariability": 0.5003478737819299,
        "DangerViolations": 223.2875,
        "TurningAngle": 401.5952943198013,
        "JerkPerMeter": 0.9278985454937978,
        "SuccessRate": 0.5353535353535354,
        "OptimalDeviation": 0.28347243742563166,
        "PathCost": 3.552534824525619,
        "DistanceToGoal": 0.02585453598984132,
        "OptiSafeIndex": 0.5788450612963778,
        "NodesInPath": 10.8625
    },
    "UPP": {
        "PlanningTime": 264.03889148313215,
        "MinimumClearance": 0.08068567619338285,
        "AverageMinimumClearance": 0.26301556008284477,
        "ClearanceVariability": 0.4135627562733023,
        "DangerViolations": 1794.2567567567567,
        "TurningAngle": 475.254399002944,
        "JerkPerMeter": 0.276783659991438,
        "SuccessRate": 0.9966329966329966,
        "OptimalDeviation": 0.040965581181448184,
        "PathCost": 3.517568491749209,
        "DistanceToGoal": 0.0,
        "OptiSafeIndex": 0.84035212661088,
        "NodesInPath": 12.5
    },
    "CBFRRT": {
        "PlanningTime": 654.9380059680341,
        "MinimumClearance": 0.07674567183752529,
        "AverageMinimumClearance": 0.283929618752095,
        "ClearanceVariability": 0.5261866553963204,
        "DangerViolations": 219.3375796178344,
        "TurningAngle": 425.69851750486185,
        "JerkPerMeter": 0.9177331752782012,
        "SuccessRate": 0.5218855218855218,
        "OptimalDeviation": 0.3001101169380933,
        "PathCost": 3.7205331143428118,
        "DistanceToGoal": 0.02509709370445635,
        "OptiSafeIndex": 0.5761716296368194,
        "NodesInPath": 11.210191082802547
    },
    "FSPlanner": {
        "PlanningTime": 59.340562418894145,
        "MinimumClearance": 0.07398815789036058,
        "AverageMinimumClearance": 0.29014233611411494,
        "ClearanceVariability": 0.5156743027033711,
        "DangerViolations": 982.4391891891892,
        "TurningAngle": 370.0461853039349,
        "JerkPerMeter": 0.21007601280594776,
        "SuccessRate": 0.9966329966329966,
        "OptimalDeviation": 0.016409055121557888,
        "PathCost": 3.457393227624813,
        "DistanceToGoal": 0.0,
        "OptiSafeIndex": 0.8276009854666854,
        "NodesInPath": 10.037162162162161
    },
    "SDFAStar": {
        "PlanningTime": 50.651364165602786,
        "MinimumClearance": 0.08305002534961807,
        "AverageMinimumClearance": 0.1955608978415835,
        "ClearanceVariability": 0.28118011074657245,
        "DangerViolations": 3551.0135135135133,
        "TurningAngle": 472.3929488135253,
        "JerkPerMeter": 0.2757308447789688,
        "SuccessRate": 0.9966329966329966,
        "OptimalDeviation": 0.07136308339690808,
        "PathCost": 3.633999964495236,
        "DistanceToGoal": 0.0,
        "OptiSafeIndex": 0.8366922519588269,
        "NodesInPath": 11.64864864864865
    },
    "OptimizedAStar": {
        "PlanningTime": 156.34738991220115,
        "MinimumClearance": 0.045075151105624774,
        "AverageMinimumClearance": 0.3214087072262954,
        "ClearanceVariability": 0.6655384722058821,
        "DangerViolations": 72.10810810810811,
        "TurningAngle": 216.1616647345799,
        "JerkPerMeter": 0.979829727529182,
        "SuccessRate": 0.9966329966329966,
        "OptimalDeviation": 0.11753534396700727,
        "PathCost": 3.774359571469588,
        "DistanceToGoal": 0.0,
        "OptiSafeIndex": 0.3943933935849122,
        "NodesInPath": 4.550675675675675
    },
    "SafeAStar": {
        "PlanningTime": 43.181822962895,
        "MinimumClearance": 0.0865449433329659,
        "AverageMinimumClearance": 0.3159927648830824,
        "ClearanceVariability": 0.5025588008646171,
        "DangerViolations": 787.5,
        "TurningAngle": 623.4657710550247,
        "JerkPerMeter": 0.34961960719753327,
        "SuccessRate": 0.9966329966329966,
        "OptimalDeviation": 0.05965000128888233,
        "PathCost": 3.5954239035661333,
        "DistanceToGoal": 0.0,
        "OptiSafeIndex": 0.8961239940056702,
        "NodesInPath": 15.85135135135135
    }
}