{
    "VoronoiPlanner": {
        "PlanningTime": 2.1010255758169754,
        "MinimumClearance": 0.17825800233314074,
        "AverageMinimumClearance": 0.370620079534908,
        "ClearanceVariability": 0.25661774713878793,
        "DangerViolations": 7.151515151515151,
        "TurningAngle": 0.0,
        "JerkPerMeter": 0.0,
        "SuccessRate": 0.11,
        "OptimalDeviation": -0.044700473360694375,
        "PathCost": 1.1106458068808316,
        "DistanceToGoal": 0.0,
        "OptiSafeIndex": 1.0,
        "NodesInPath": 2.0
    },
    "AStar": {
        "PlanningTime": 17.080451619971956,
        "MinimumClearance": 0.06427504692331247,
        "AverageMinimumClearance": 0.21404409724242748,
        "ClearanceVariability": 0.4778356448253724,
        "DangerViolations": 4731.666666666667,
        "TurningAngle": 215.89236649362297,
        "JerkPerMeter": 0.14204332568856498,
        "SuccessRate": 1.0,
        "OptimalDeviation": 0.0,
        "PathCost": 3.468297809691388,
        "DistanceToGoal": 0.0,
        "OptiSafeIndex": 0.8332910778469255,
        "NodesInPath": 6.793333333333333
    },
    "RRT": {
        "PlanningTime": 1113.114780639822,
        "MinimumClearance": 0.07494010428241171,
        "AverageMinimumClearance": 0.27254245226789603,
        "ClearanceVariability": 0.4506644385610797,
        "DangerViolations": 233.80124223602485,
        "TurningAngle": 447.0220844941284,
        "JerkPerMeter": 0.9252824305837147,
        "SuccessRate": 0.5233333333333333,
        "OptimalDeviation": 0.2779365726880027,
        "PathCost": 3.880012083283781,
        "DistanceToGoal": 0.055427812003635085,
        "OptiSafeIndex": 0.5764970699236568,
        "NodesInPath": 11.714285714285714
    },
    "UPP": {
        "PlanningTime": 243.3718804233175,
        "MinimumClearance": 0.07219365007692832,
        "AverageMinimumClearance": 0.25951526267336483,
        "ClearanceVariability": 0.4253949065831957,
        "DangerViolations": 1905.6666666666667,
        "TurningAngle": 487.9749636583737,
        "JerkPerMeter": 0.283446946252793,
        "SuccessRate": 1.0,
        "OptimalDeviation": 0.040347825453799654,
        "PathCost": 3.609365221563406,
        "DistanceToGoal": 0.0,
        "OptiSafeIndex": 0.8432780239663442,
        "NodesInPath": 12.766666666666667
    },
    "CBFRRT": {
        "PlanningTime": 970.9704859538967,
        "MinimumClearance": 0.0786258554481019,
        "AverageMinimumClearance": 0.2786911080619232,
        "ClearanceVariability": 0.4907037398940429,
        "DangerViolations": 266.25,
        "TurningAngle": 443.41452045470214,
        "JerkPerMeter": 0.8845381089992772,
        "SuccessRate": 0.49666666666666665,
        "OptimalDeviation": 0.323146508201469,
        "PathCost": 3.9311537038413755,
        "DistanceToGoal": 0.0460620028113212,
        "OptiSafeIndex": 0.5619610087582841,
        "NodesInPath": 11.68421052631579
    },
    "FSPlanner": {
        "PlanningTime": 57.51282978670039,
        "MinimumClearance": 0.06613097407566436,
        "AverageMinimumClearance": 0.2852011344251116,
        "ClearanceVariability": 0.5116658788983346,
        "DangerViolations": 1102.4533333333334,
        "TurningAngle": 387.16986627549903,
        "JerkPerMeter": 0.22228197532736582,
        "SuccessRate": 1.0,
        "OptimalDeviation": 0.018235675360133957,
        "PathCost": 3.550252337746346,
        "DistanceToGoal": 0.0,
        "OptiSafeIndex": 0.8283932055237786,
        "NodesInPath": 10.366666666666667
    },
    "SDFAStar": {
        "PlanningTime": 50.48053496674735,
        "MinimumClearance": 0.07470631780297174,
        "AverageMinimumClearance": 0.18695189400047432,
        "ClearanceVariability": 0.26477561304941094,
        "DangerViolations": 4155.0,
        "TurningAngle": 465.9545442493555,
        "JerkPerMeter": 0.26604176257486056,
        "SuccessRate": 1.0,
        "OptimalDeviation": 0.07195129936945648,
        "PathCost": 3.7332990847395924,
        "DistanceToGoal": 0.0,
        "OptiSafeIndex": 0.8433332292482897,
        "NodesInPath": 11.666666666666666
    },
    "OptimizedAStar": {
        "PlanningTime": 149.30779365670935,
        "MinimumClearance": 0.035707018747379866,
        "AverageMinimumClearance": 0.3195320349633787,
        "ClearanceVariability": 0.670866549801932,
        "DangerViolations": 81.60666666666667,
        "TurningAngle": 237.86699383161127,
        "JerkPerMeter": 1.0593434154222818,
        "SuccessRate": 1.0,
        "OptimalDeviation": 0.13917298534223072,
        "PathCost": 3.9291965198079857,
        "DistanceToGoal": 0.0,
        "OptiSafeIndex": 0.3474155064699725,
        "NodesInPath": 4.73
    },
    "SafeAStar": {
        "PlanningTime": 42.10649829333894,
        "MinimumClearance": 0.07810016122683769,
        "AverageMinimumClearance": 0.30996498346598717,
        "ClearanceVariability": 0.5044585913781348,
        "DangerViolations": 893.6666666666666,
        "TurningAngle": 655.8087140601186,
        "JerkPerMeter": 0.35783599510399733,
        "SuccessRate": 1.0,
        "OptimalDeviation": 0.060560076396533824,
        "PathCost": 3.6969815510960014,
        "DistanceToGoal": 0.0,
        "OptiSafeIndex": 0.8926723703797514,
        "NodesInPath": 16.57
    }
}