{
    "VoronoiPlanner": {
        "PlanningTime": 1.624132714289723,
        "MinimumClearance": 0.17380076272276113,
        "AverageMinimumClearance": 0.3806034379500785,
        "ClearanceVariability": 0.29898713384409276,
        "DangerViolations": 9.464285714285714,
        "TurningAngle": 0.0,
        "JerkPerMeter": 0.0,
        "SuccessRate": 0.13793103448275862,
        "OptimalDeviation": -0.045162026031114896,
        "PathCost": 1.146299197466933,
        "DistanceToGoal": 0.0,
        "OptiSafeIndex": 1.0,
        "NodesInPath": 2.0
    },
    "AStar": {
        "PlanningTime": 17.95194982020485,
        "MinimumClearance": 0.06777813860497237,
        "AverageMinimumClearance": 0.2275407408735489,
        "ClearanceVariability": 0.5098318977006516,
        "DangerViolations": 4453.20197044335,
        "TurningAngle": 216.98673386392358,
        "JerkPerMeter": 0.14096893865481985,
        "SuccessRate": 1.0,
        "OptimalDeviation": 0.0,
        "PathCost": 3.4318612745835733,
        "DistanceToGoal": 0.0,
        "OptiSafeIndex": 0.8277123043500871,
        "NodesInPath": 6.817733990147783
    },
    "RRT": {
        "PlanningTime": 136.6863878965956,
        "MinimumClearance": 0.07572464130959634,
        "AverageMinimumClearance": 0.288729423147482,
        "ClearanceVariability": 0.5459707549004706,
        "DangerViolations": 234.68965517241378,
        "TurningAngle": 435.4926179691758,
        "JerkPerMeter": 0.9417180507624182,
        "SuccessRate": 0.5689655172413793,
        "OptimalDeviation": 0.3605771145353155,
        "PathCost": 3.7711014702897754,
        "DistanceToGoal": 0.01101037911590069,
        "OptiSafeIndex": 0.5578294412106252,
        "NodesInPath": 11.40948275862069
    },
    "UPP": {
        "PlanningTime": 253.76041744087811,
        "MinimumClearance": 0.07692456449592994,
        "AverageMinimumClearance": 0.2702821689941501,
        "ClearanceVariability": 0.46895582604231867,
        "DangerViolations": 1820.6896551724137,
        "TurningAngle": 489.2964075790959,
        "JerkPerMeter": 0.27981049541875214,
        "SuccessRate": 1.0,
        "OptimalDeviation": 0.04303030717846026,
        "PathCost": 3.577047016213909,
        "DistanceToGoal": 0.0,
        "OptiSafeIndex": 0.8419476170280507,
        "NodesInPath": 12.81527093596059
    },
    "CBFRRT": {
        "PlanningTime": 637.4989302432998,
        "MinimumClearance": 0.07745336086193541,
        "AverageMinimumClearance": 0.2830166655596843,
        "ClearanceVariability": 0.4980136750485574,
        "DangerViolations": 224.6846846846847,
        "TurningAngle": 423.90282039964677,
        "JerkPerMeter": 0.9229013293919471,
        "SuccessRate": 0.5394088669950738,
        "OptimalDeviation": 0.3442959491146437,
        "PathCost": 3.671828898486878,
        "DistanceToGoal": 0.04152597700581678,
        "OptiSafeIndex": 0.5374379769663543,
        "NodesInPath": 11.054054054054054
    },
    "FSPlanner": {
        "PlanningTime": 58.69408121967875,
        "MinimumClearance": 0.07191446837107725,
        "AverageMinimumClearance": 0.29497141799524296,
        "ClearanceVariability": 0.5609784506221532,
        "DangerViolations": 1043.7777777777778,
        "TurningAngle": 376.4972476737752,
        "JerkPerMeter": 0.21200549150451803,
        "SuccessRate": 1,
        "OptimalDeviation": 0.01797893449391749,
        "PathCost": 3.5108141508427178,
        "DistanceToGoal": 0.0,
        "OptiSafeIndex": 0.8424203864978451,
        "NodesInPath": 10.180246913580246
    },
    "SDFAStar": {
        "PlanningTime": 53.44591183947199,
        "MinimumClearance": 0.07811834854832021,
        "AverageMinimumClearance": 0.19925406131654486,
        "ClearanceVariability": 0.30766873212075485,
        "DangerViolations": 4022.4691358024693,
        "TurningAngle": 482.7586151875611,
        "JerkPerMeter": 0.27522188564906486,
        "SuccessRate": 1,
        "OptimalDeviation": 0.08080533831429881,
        "PathCost": 3.7271471046041773,
        "DistanceToGoal": 0.0,
        "OptiSafeIndex": 0.8251160751900513,
        "NodesInPath": 11.874074074074073
    },
    "OptimizedAStar": {
        "PlanningTime": 155.08369648885656,
        "MinimumClearance": 0.04062984534019695,
        "AverageMinimumClearance": 0.32642080903223825,
        "ClearanceVariability": 0.6816310198997367,
        "DangerViolations": 78.1679012345679,
        "TurningAngle": 224.92607064511344,
        "JerkPerMeter": 0.9984237271391327,
        "SuccessRate": 1,
        "OptimalDeviation": 0.11574040259811594,
        "PathCost": 3.823407577232809,
        "DistanceToGoal": 0.0,
        "OptiSafeIndex": 0.37097990623374116,
        "NodesInPath": 4.602469135802469
    },
    "SafeAStar": {
        "PlanningTime": 42.57288226664189,
        "MinimumClearance": 0.08412923313374408,
        "AverageMinimumClearance": 0.31867192841629477,
        "ClearanceVariability": 0.5311659800186497,
        "DangerViolations": 854.074074074074,
        "TurningAngle": 637.2668325768481,
        "JerkPerMeter": 0.3492469531182751,
        "SuccessRate": 1,
        "OptimalDeviation": 0.06219351320703471,
        "PathCost": 3.6555401520354067,
        "DistanceToGoal": 0.0,
        "OptiSafeIndex": 0.8964669707065775,
        "NodesInPath": 16.153086419753087
    }
}