{
    "VoronoiPlanner": {
        "PlanningTime": {
            "mean": NaN,
            "std": NaN
        },
        "MinimumClearance": {
            "mean": NaN,
            "std": NaN
        },
        "AverageMinimumClearance": {
            "mean": NaN,
            "std": NaN
        },
        "ClearanceVariability": {
            "mean": NaN,
            "std": NaN
        },
        "DangerViolations": {
            "mean": NaN,
            "std": NaN
        },
        "TurningAngle": {
            "mean": NaN,
            "std": NaN
        },
        "JerkPerMeter": {
            "mean": NaN,
            "std": NaN
        },
        "SuccessRate": {
            "mean": NaN,
            "std": NaN
        },
        "OptimalDeviation": {
            "mean": NaN,
            "std": NaN
        },
        "PathCost": {
            "mean": NaN,
            "std": NaN
        },
        "OptiSafeIndex": {
            "mean": NaN,
            "std": NaN
        },
        "NodesInPath": {
            "mean": NaN,
            "std": NaN
        }
    },
    "AStar": {
        "PlanningTime": {
            "mean": 19.904541331197834,
            "std": 20.234223726792216
        },
        "MinimumClearance": {
            "mean": 0.05199999999999999,
            "std": 0.015684387141358124
        },
        "AverageMinimumClearance": {
            "mean": 0.19597819162076358,
            "std": 0.08381945319407191
        },
        "ClearanceVariability": {
            "mean": 0.4692226337268722,
            "std": 0.35819227582622754
        },
        "DangerViolations": {
            "mean": 4970.0,
            "std": 3853.868186640534
        },
        "TurningAngle": {
            "mean": 233.76214199953094,
            "std": 103.5727193240096
        },
        "JerkPerMeter": {
            "mean": 0.13903534226649755,
            "std": 0.060955403455837026
        },
        "SuccessRate": {
            "mean": 1.0,
            "std": 0.0
        },
        "OptimalDeviation": {
            "mean": 0.0,
            "std": 0.0
        },
        "PathCost": {
            "mean": 3.808989211649205,
            "std": 1.3698244062485327
        },
        "OptiSafeIndex": {
            "mean": 0.9322620758526583,
            "std": 0.20718010174952045
        },
        "NodesInPath": {
            "mean": 7.19,
            "std": 2.3008476698816898
        }
    },
    "RRT": {
        "PlanningTime": {
            "mean": 95.05842920429576,
            "std": 152.75747106086826
        },
        "MinimumClearance": {
            "mean": 0.054081632653061214,
            "std": 0.0170136040821766
        },
        "AverageMinimumClearance": {
            "mean": 0.25333919963090157,
            "std": 0.07300888015603273
        },
        "ClearanceVariability": {
            "mean": 0.47607721017015286,
            "std": 0.291750559451946
        },
        "DangerViolations": {
            "mean": 284.61224489795916,
            "std": 211.06076273042365
        },
        "TurningAngle": {
            "mean": 506.9329540761467,
            "std": 265.40382902042444
        },
        "JerkPerMeter": {
            "mean": 0.9992269630321988,
            "std": 0.2722699355988224
        },
        "SuccessRate": {
            "mean": 0.49,
            "std": 0.49989998999799945
        },
        "OptimalDeviation": {
            "mean": 0.27118293716110253,
            "std": 0.20825630609750292
        },
        "PathCost": {
            "mean": 4.48721485945331,
            "std": 1.8085351418427096
        },
        "OptiSafeIndex": {
            "mean": 0.6324159351551752,
            "std": 0.22920226627657453
        },
        "NodesInPath": {
            "mean": 13.387755102040817,
            "std": 4.927293111781838
        }
    },
    "CBFRRT": {
        "PlanningTime": {
            "mean": 1906.2575226299764,
            "std": 8276.335869793471
        },
        "MinimumClearance": {
            "mean": 0.04827631908953596,
            "std": 0.010726098502174411
        },
        "AverageMinimumClearance": {
            "mean": 0.24957310402388938,
            "std": 0.0809307351359834
        },
        "ClearanceVariability": {
            "mean": 0.5467419667040074,
            "std": 0.3061116836659654
        },
        "DangerViolations": {
            "mean": 316.4347826086956,
            "std": 228.62458806618113
        },
        "TurningAngle": {
            "mean": 540.2555952693119,
            "std": 279.06819676622933
        },
        "JerkPerMeter": {
            "mean": 0.9934549816202438,
            "std": 0.33310982191557903
        },
        "SuccessRate": {
            "mean": 0.44,
            "std": 0.4963869458396343
        },
        "OptimalDeviation": {
            "mean": 0.36396862064195684,
            "std": 0.5148840859913715
        },
        "PathCost": {
            "mean": 4.591665320438213,
            "std": 2.002777628923706
        },
        "OptiSafeIndex": {
            "mean": 0.49103482706906454,
            "std": 0.29079825800242004
        },
        "NodesInPath": {
            "mean": 13.826086956521738,
            "std": 5.521910302037051
        }
    },
    "FSPlanner": {
        "PlanningTime": {
            "mean": 65.29490234970581,
            "std": 38.54192267857837
        },
        "MinimumClearance": {
            "mean": 0.05570710678118654,
            "std": 0.019917787378860127
        },
        "AverageMinimumClearance": {
            "mean": 0.27712397842951186,
            "std": 0.07148277404267803
        },
        "ClearanceVariability": {
            "mean": 0.5157926787098295,
            "std": 0.375403899622551
        },
        "DangerViolations": {
            "mean": 1064.0,
            "std": 804.1790845327923
        },
        "TurningAngle": {
            "mean": 422.29437948879126,
            "std": 205.25884329954548
        },
        "JerkPerMeter": {
            "mean": 0.23550324063324324,
            "std": 0.08147487049622061
        },
        "SuccessRate": {
            "mean": 1.0,
            "std": 0.0
        },
        "OptimalDeviation": {
            "mean": 0.025148140101446028,
            "std": 0.029116356270885366
        },
        "PathCost": {
            "mean": 3.9050192616453647,
            "std": 1.4221408214763256
        },
        "OptiSafeIndex": {
            "mean": 0.9046375874260275,
            "std": 0.172764678675746
        },
        "NodesInPath": {
            "mean": 11.2,
            "std": 4.361192497471305
        }
    },
    "SDFAStar": {
        "PlanningTime": {
            "mean": 53.850012529146625,
            "std": 37.507089086912444
        },
        "MinimumClearance": {
            "mean": 0.06374264068711928,
            "std": 0.02935772058986878
        },
        "AverageMinimumClearance": {
            "mean": 0.16947388835226157,
            "std": 0.0680065225361135
        },
        "ClearanceVariability": {
            "mean": 0.2979932822966467,
            "std": 0.2981037081110603
        },
        "DangerViolations": {
            "mean": 4222.0,
            "std": 4274.800112285953
        },
        "TurningAngle": {
            "mean": 530.7751395556111,
            "std": 217.36999630778516
        },
        "JerkPerMeter": {
            "mean": 0.27824996931221024,
            "std": 0.10966430603944338
        },
        "SuccessRate": {
            "mean": 1.0,
            "std": 0.0
        },
        "OptimalDeviation": {
            "mean": 0.0820033333947138,
            "std": 0.0718643217221267
        },
        "PathCost": {
            "mean": 4.12093329573899,
            "std": 1.4956154162011173
        },
        "OptiSafeIndex": {
            "mean": 0.8722718592616802,
            "std": 0.13170819153227364
        },
        "NodesInPath": {
            "mean": 12.85,