{
    "VoronoiPlanner": {
        "PlanningTime": 34.41541785260046,
        "MinimumClearance": 1.1250388913720941,
        "AverageMinimumClearance": 2.352815958430445,
        "ClearanceVariability": 28.298456912893112,
        "DangerViolations": 25.48421052631579,
        "TurningAngle": 50.832074296827976,
        "JerkPerMeter": 0.1293378835798869,
        "SuccessRate": 0.78,
        "OptimalDeviation": -0.04541845530415791,
        "PathCost": 14.881445458621005,
        "DistanceToGoal": 3.3916573898608524,
        "OptiSafeIndex": 0.7065313469330626,
        "NodesInPath": 2.294736842105263
    },
    "UPP": {
        "PlanningTime": 596.5560107800275,
        "MinimumClearance": 1.1739753421354147,
        "AverageMinimumClearance": 2.3505294974739472,
        "ClearanceVariability": 32.347431493838286,
        "DangerViolations": 1258.0,
        "TurningAngle": 391.1796618233935,
        "JerkPerMeter": 0.11140010671457004,
        "SuccessRate": 1.0,
        "OptimalDeviation": 0.04545741951548409,
        "PathCost": 17.57754551728892,
        "DistanceToGoal": 0.0,
        "OptiSafeIndex": 0.7248084252595861,
        "NodesInPath": 10.58
    },
    "RRT": {
        "PlanningTime": 3710.6396523877615,
        "MinimumClearance": 0.7774365236197455,
        "AverageMinimumClearance": 2.1454706756834785,
        "ClearanceVariability": 32.811645103595026,
        "DangerViolations": 1158.6530612244899,
        "TurningAngle": 1854.150451654323,
        "JerkPerMeter": 0.8274345209351016,
        "SuccessRate": 0.94,
        "OptimalDeviation": 0.3328127469478287,
        "PathCost": 21.397049521927464,
        "DistanceToGoal": 0.8620635171868056,
        "OptiSafeIndex": 0.405458422344748,
        "NodesInPath": 53.19387755102041
    },
    "CBFRRT": {
        "PlanningTime": 2878.820585159561,
        "MinimumClearance": 0.7667586101167566,
        "AverageMinimumClearance": 2.2535040753205755,
        "ClearanceVariability": 33.721935597252006,
        "DangerViolations": 879.6595744680851,
        "TurningAngle": 1909.2118279618126,
        "JerkPerMeter": 0.8389019157175471,
        "SuccessRate": 0.91,
        "OptimalDeviation": 0.3399416476233767,
        "PathCost": 22.32407924888354,
        "DistanceToGoal": 0.7363309040081364,
        "OptiSafeIndex": 0.39376363852758384,
        "NodesInPath": 55.48936170212766
    },
    "AStar": {
        "PlanningTime": 174.72529752001265,
        "MinimumClearance": 1.0151776710837503,
        "AverageMinimumClearance": 2.2424191120707406,
        "ClearanceVariability": 34.30131815730188,
        "DangerViolations": 15076.0,
        "TurningAngle": 197.23881127868557,
        "JerkPerMeter": 0.056250231194724935,
        "SuccessRate": 1.0,
        "OptimalDeviation": 0.0,
        "PathCost": 17.440011462679397,
        "DistanceToGoal": 0.0,
        "OptiSafeIndex": 0.5991712447987082,
        "NodesInPath": 6.35
    },
    "Dijkstra": {
        "PlanningTime": 6141.7088189300275,
        "MinimumClearance": 1.0288958202911573,
        "AverageMinimumClearance": 2.2705344720789187,
        "ClearanceVariability": 34.22195930119145,
        "DangerViolations": 13818.0,
        "TurningAngle": 243.10344947451517,
        "JerkPerMeter": 0.06028571145884985,
        "SuccessRate": 1.0,
        "OptimalDeviation": -0.0052263642391577984,
        "PathCost": 17.214877082475255,
        "DistanceToGoal": 0.0,
        "OptiSafeIndex": 0.5965422912166155,
        "NodesInPath": 7.36
    },
    "WeightedAStar": {
        "PlanningTime": 153.34242371997675,
        "MinimumClearance": 1.0151776710837503,
        "AverageMinimumClearance": 2.241324597144535,
        "ClearanceVariability": 34.311112829724934,
        "DangerViolations": 15098.0,
        "TurningAngle": 392.97292911634526,
        "JerkPerMeter": 0.08123820680601991,
        "SuccessRate": 1.0,
        "OptimalDeviation": 0.004609068328356913,
        "PathCost": 17.514478020814526,
        "DistanceToGoal": 0.0,
        "OptiSafeIndex": 0.5999460252793478,
        "NodesInPath": 10.66
    },
    "SDFAStar": {
        "PlanningTime": 2218.002218519984,
        "MinimumClearance": 1.68614096294055,
        "AverageMinimumClearance": 2.6620601013107192,
        "ClearanceVariability": 19.980510612103856,
        "DangerViolations": 2476.0,
        "TurningAngle": 1252.5719528909428,
        "JerkPerMeter": 0.21314981311808062,
        "SuccessRate": 1.0,
        "OptimalDeviation": 0.09742635893468785,
        "PathCost": 19.207122069010566,
        "DistanceToGoal": 0.0,
        "OptiSafeIndex": 0.722120828235946,
        "NodesInPath": 22.31
    },
    "OptimizedAStar": {
        "PlanningTime": 483.78120382995337,
        "MinimumClearance": 1.0693436713052826,
        "AverageMinimumClearance": 2.6235459319424956,
        "ClearanceVariability": 32.59846635393538,
        "DangerViolations": 56.84,
        "TurningAngle": 89.06605471889655,
        "JerkPerMeter": 0.2828841739505983,
        "SuccessRate": 1.0,
        "OptimalDeviation": 0.10790189307066612,
        "PathCost": 19.070090151242606,
        "DistanceToGoal": 0.0,
        "OptiSafeIndex": 0.6469495215941641,
        "NodesInPath": 3.09
    }
}