{
    "VoronoiPlanner": {
        "PlanningTime": 51.72989691665938,
        "MinimumClearance": 0.7042172587834821,
        "AverageMinimumClearance": 2.872002721821783,
        "ClearanceVariability": 79.68325183180643,
        "DangerViolations": 6.291666666666667,
        "TurningAngle": 62.24822437041603,
        "JerkPerMeter": 0.16942131356891466,
        "SuccessRate": 0.75,
        "OptimalDeviation": -0.09781498279454674,
        "PathCost": 27.00011407662824,
        "DistanceToGoal": 7.193923007149546,
        "OptiSafeIndex": 0.6305350555396928,
        "NodesInPath": 2.5833333333333335
    },
    "UPP": {
        "PlanningTime": 886.5705930000513,
        "MinimumClearance": 0.8774685753362685,
        "AverageMinimumClearance": 3.2299356660433345,
        "ClearanceVariability": 90.5473523292281,
        "DangerViolations": 840.0,
        "TurningAngle": 514.9278952905885,
        "JerkPerMeter": 0.03751964503537389,
        "SuccessRate": 1.0,
        "OptimalDeviation": 0.013676471547844253,
        "PathCost": 32.54152422518647,
        "DistanceToGoal": 0.0,
        "OptiSafeIndex": 0.6034474514715505,
        "NodesInPath": 13.4
    },
    "RRT": {
        "PlanningTime": 1705.5002648749087,
        "MinimumClearance": 0.45125645888884586,
        "AverageMinimumClearance": 3.065359852681708,
        "ClearanceVariability": 93.29074547782876,
        "DangerViolations": 1315.6666666666667,
        "TurningAngle": 3367.8034128411873,
        "JerkPerMeter": 0.8676154026348498,
        "SuccessRate": 1.0,
        "OptimalDeviation": 0.27295082624178946,
        "PathCost": 39.8705490351211,
        "DistanceToGoal": 0.0,
        "OptiSafeIndex": 0.3218244244886999,
        "NodesInPath": 98.83333333333333
    },
    "CBFRRT": {
        "PlanningTime": 4903.69692613043,
        "MinimumClearance": 0.24937868032868887,
        "AverageMinimumClearance": 2.6565411868245294,
        "ClearanceVariability": 98.22338901002675,
        "DangerViolations": 2395.5652173913045,
        "TurningAngle": 3554.6808216542886,
        "JerkPerMeter": 0.8626218162668889,
        "SuccessRate": 0.9565217391304348,
        "OptimalDeviation": 0.31206925344475556,
        "PathCost": 41.689103780784365,
        "DistanceToGoal": 1.5850584241407346,
        "OptiSafeIndex": 0.265241576298605,
        "NodesInPath": 103.21739130434783
    },
    "AStar": {
        "PlanningTime": 121.5445616800207,
        "MinimumClearance": 0.6676695854630456,
        "AverageMinimumClearance": 3.1648049816094503,
        "ClearanceVariability": 95.71612553719537,
        "DangerViolations": 25664.0,
        "TurningAngle": 392.48661396184025,
        "JerkPerMeter": 0.027777966956575223,
        "SuccessRate": 1.0,
        "OptimalDeviation": 0.0,
        "PathCost": 32.11537617237708,
        "DistanceToGoal": 0.0,
        "OptiSafeIndex": 0.4471187793732516,
        "NodesInPath": 10.68
    },
    "Dijkstra": {
        "PlanningTime": 11823.240422199988,
        "MinimumClearance": 0.3236230369536311,
        "AverageMinimumClearance": 2.677339495045933,
        "ClearanceVariability": 122.33283451024417,
        "DangerViolations": 37800.0,
        "TurningAngle": 511.26472364184235,
        "JerkPerMeter": 0.03807800461097265,
        "SuccessRate": 1.0,
        "OptimalDeviation": -0.0023314267031450038,
        "PathCost": 32.045733603477494,
        "DistanceToGoal": 0.0,
        "OptiSafeIndex": 0.20240969412275978,
        "NodesInPath": 13.32
    },
    "WeightedAStar": {
        "PlanningTime": 99.18458916003146,
        "MinimumClearance": 0.6676695854630456,
        "AverageMinimumClearance": 3.164836051380284,
        "ClearanceVariability": 95.6577986112747,
        "DangerViolations": 26880.0,
        "TurningAngle": 622.8671516091703,
        "JerkPerMeter": 0.04342151174632771,
        "SuccessRate": 1.0,
        "OptimalDeviation": 0.006116003350928028,
        "PathCost": 32.31237530582531,
        "DistanceToGoal": 0.0,
        "OptiSafeIndex": 0.4472222133404178,
        "NodesInPath": 15.72
    },
    "SDFAStar": {
        "PlanningTime": 3461.4762751200306,
        "MinimumClearance": 1.8652338398542445,
        "AverageMinimumClearance": 3.7383168438823287,
        "ClearanceVariability": 66.19250090348531,
        "DangerViolations": 3016.0,
        "TurningAngle": 2586.828095061632,
        "JerkPerMeter": 0.16768100946119102,
        "SuccessRate": 1.0,
        "OptimalDeviation": 0.11538336368798528,
        "PathCost": 35.7436200385535,
        "DistanceToGoal": 0.0,
        "OptiSafeIndex": 0.6064353001181687,
        "NodesInPath": 41.44
    },
    "OptimizedAStar": {
        "PlanningTime": 575.5984035999791,
        "MinimumClearance": 0.5028559335747914,
        "AverageMinimumClearance": 3.8106536345468176,
        "ClearanceVariability": 121.87874831753588,
        "DangerViolations": 19.44,
        "TurningAngle": 71.30127833086492,
        "JerkPerMeter": 0.20847061398699637,
        "SuccessRate": 1.0,
        "OptimalDeviation": 0.06593172771000702,
        "PathCost": 34.21534561485933,
        "DistanceToGoal": 0.0,
        "OptiSafeIndex": 0.4552275412863614,
        "NodesInPath": 3.08
    }
}