{
    "OptimizedAStar": {
        "PlanningTime": 465.03776000463404,
        "TurningAngle": 0.0,
        "MinimumClearance": 0.6810076538844809,
        "SuccessRate": 1.0,
        "PathCost": 30.709408878281057,
        "OptiSafeIndex": 0.6522982257479014
    }
}