{
    "AStar": {
        "PlanningTime": 0.10619999981524113,
        "MinimumClearance": 15.58489297008128,
        "AverageMinimumClearance": 16.53998500926023,
        "ClearanceVariability": 2.151500360681166,
        "DangerViolations": 0.0,
        "PeakMemory": 4.661458333333333,
        "TurningAngle": 15.016526285897434,
        "JerkPerMeter": 0.038663838025963425,
        "SuccessRate": 0.3333333333333333,
        "OptimalDeviation": 0.0,
        "PathCost": 2.873773447853214,
        "DistanceToGoal": 2.6025119261971676,
        "NodesInPath": 1.0
    }
}