{
    "VoronoiPlanner": {
        "PlanningTime": {
            "mean": 34.413988120650174,
            "std": 3.696030733924328
        },
        "MinimumClearance": {
            "mean": 0.09373792264426102,
            "std": 0.12015906898082451
        },
        "AverageMinimumClearance": {
            "mean": 0.36821537619544087,
            "std": 0.3491520819276041
        },
        "ClearanceVariability": {
            "mean": 1.2276277083773919,
            "std": 1.770405674266528
        },
        "DangerViolations": {
            "mean": 3.51,
            "std": 10.453224382935632
        },
        "TurningAngle": {
            "mean": 53.8527762735084,
            "std": 51.64341134371526
        },
        "JerkPerMeter": {
            "mean": 0.0,
            "std": 0.0
        },
        "SuccessRate": {
            "mean": 0.58,
            "std": 0.49355850717012273
        },
        "OptimalDeviation": {
            "mean": -0.20582017516211087,
            "std": 0.7318096181834081
        },
        "PathCost": {
            "mean": 2.9921842226254576,
            "std": 2.6674428770826646
        },
        "OptiSafeIndex": {
            "mean": 0.3381706329041043,
            "std": 0.38163731289792585
        },
        "NodesInPath": {
            "mean": 1.74,
            "std": 1.4806755215103682
        }
    },
    "AStar": {
        "PlanningTime": {
            "mean": 37.51268004954909,
            "std": 60.53225805107532
        },
        "MinimumClearance": {
            "mean": 0.08463889120196123,
            "std": 0.0865231650837079
        },
        "AverageMinimumClearance": {
            "mean": 0.45263332891684827,
            "std": 0.22865808148268557
        },
        "ClearanceVariability": {
            "mean": 2.1080388954627374,
            "std": 2.512671948905652
        },
        "DangerViolations": {
            "mean": 3088.5,
            "std": 2961.966027826788
        },
        "TurningAngle": {
            "mean": 162.6435394862155,
            "std": 83.40771028087126
        },
        "JerkPerMeter": {
            "mean": 0.10354913499339727,
            "std": 0.060275901455771955
        },
        "SuccessRate": {
            "mean": 1.0,
            "std": 0.0
        },
        "OptimalDeviation": {
            "mean": 0.0,
            "std": 0.0
        },
        "PathCost": {
            "mean": 4.164024903809554,
            "std": 1.3116844032877975
        },
        "OptiSafeIndex": {
            "mean": 0.47786905166739496,
            "std": 0.3486467722764878
        },
        "NodesInPath": {
            "mean": 5.94,
            "std": 1.8645106596638163
        }
    },
    "RRT": {
        "PlanningTime": {
            "mean": 208.3730076542308,
            "std": 400.045394032145
        },
        "MinimumClearance": {
            "mean": 0.10389333380340733,
            "std": 0.08189124001511874
        },
        "AverageMinimumClearance": {
            "mean": 0.5396139900376048,
            "std": 0.20208761530617148
        },
        "ClearanceVariability": {
            "mean": 2.1088408852458493,
            "std": 2.124300385398779
        },
        "DangerViolations": {
            "mean": 131.55789473684212,
            "std": 163.30524958780808
        },
        "TurningAngle": {
            "mean": 798.1329015808799,
            "std": 333.92395094236787
        },
        "JerkPerMeter": {
            "mean": 1.2085835441665087,
            "std": 0.2233582039789824
        },
        "SuccessRate": {
            "mean": 0.95,
            "std": 0.21794494717703367
        },
        "OptimalDeviation": {
            "mean": 0.49800992939891114,
            "std": 0.4201716615872439
        },
        "PathCost": {
            "mean": 6.1189005619977,
            "std": 2.0469959828178212
        },
        "OptiSafeIndex": {
            "mean": 0.3982926561442111,
            "std": 0.20710958992189707
        },
        "NodesInPath": {
            "mean": 18.11578947368421,
            "std": 5.8864038845903845
        }
    },
    "CBFRRT": {
        "PlanningTime": {
            "mean": 179.3355237711259,
            "std": 263.6062669055517
        },
        "MinimumClearance": {
            "mean": 0.10164290929727827,
            "std": 0.07675640088319534
        },
        "AverageMinimumClearance": {
            "mean": 0.5284052799265292,
            "std": 0.19682156003200377
        },
        "ClearanceVariability": {
            "mean": 1.965354005815458,
            "std": 2.402479507660708
        },
        "DangerViolations": {
            "mean": 125.73913043478261,
            "std": 161.73991935291463
        },
        "TurningAngle": {
            "mean": 769.7986624843417,
            "std": 313.8225438586488
        },
        "JerkPerMeter": {
            "mean": 1.2239842741216687,
            "std": 0.2092371770364912
        },
        "SuccessRate": {
            "mean": 0.92,
            "std": 0.2712931993250107
        },
        "OptimalDeviation": {
            "mean": 0.4444875109300737,
            "std": 0.31456598543581116
        },
        "PathCost": {
            "mean": 5.8458164826979875,
            "std": 1.9069742350370174
        },
        "OptiSafeIndex": {
            "mean": 0.4217478511777594,
            "std": 0.20791945901151476
        },
        "NodesInPath": {
            "mean": 17.380434782608695,
            "std": 5.4029830554907905
        }
    },
    "FSPlanner": {
        "PlanningTime": {
            "mean": 3489.883608838136,
            "std": 4213.417287545885
        },
        "MinimumClearance": {
            "mean": 0.12402317827465482,
            "std": 0.11616045476259634
        },
        "AverageMinimumClearance": {
            "mean": 0.5241461186739371,
            "std": 0.23734989848761462
        },
        "ClearanceVariability": {
            "mean": 2.1030199074340867,
            "std": 2.9576909974474694
        },
        "DangerViolations": {
            "mean": 108.3,
            "std": 191.92428194472947
        },
        "TurningAngle": {
            "mean": 552.9515182575607,
            "std": 487.68392998499326
        },
        "JerkPerMeter": {
            "mean": 0.28931384558719725,
            "std": 0.2031431375192767
        },
        "SuccessRate": {
            "mean": 1.0,
            "std": 0.0
        },
        "OptimalDeviation": {
            "mean": -4.438121141440987e-05,
            "std": 0.06688200062249915
        },
        "PathCost": {
            "mean": 4.164512971746194,
            "std": 1.3568296330457508
        },
        "OptiSafeIndex": {
            "mean": 0.5467401016192465,
            "std": 0.3904623891318263
        },
        "NodesInPath": {
            "mean": 13.78,
            "std": 9.98757227758578
        }
    },
    "SDFAStar": {
        "PlanningTime": {
            "mean": 3502.2287258809956,
            "std": 4236.422663806519
        },
        "MinimumClearance": {
            "mean": 0.2658270503344246,
            "std": 0.19852198696995582
        },
        "AverageMinimumClearance": {
            "mean": 0.5797497115896253,
            "std": 0.290238519856833
        },
        "ClearanceVariability": {
            "mean": 1.7919876057092938,
            "std": 2.8035256407846467
        },
        "DangerViolations": {
            "mean": 463.5,
            "std": 1204.5093399388816
        },
        "TurningAngle": {
            "mean": 1226.6499449131286,
            "std": 648.0979337991768
        },
        "JerkPerMeter": {
            "mean": 0.5730726873441973,
            "std": 0.196885638129608
        },
        "SuccessRate": {
            "mean": 1.0,
            "std": 0.0
        },
        "OptimalDeviation": {
            "mean": 0.15410094668027446,
            "std": 0.08383111398781458
        },