{
    "AStar": {
        "PlanningTime": 418.3933400083333,
        "TurningAngle": 100.2886001619083,
        "MinimumClearance": 0.51,
        "SuccessRate": 1.0,
        "PathCost": 21.395992052357265,
        "OptiSafeIndex": 0.37594579397374056
    }
}