{
    "SafeAStar": {
        "PlanningTime": 374.9636508076107,
        "MinimumClearance": 2.0768112846794278,
        "AverageMinimumClearance": 3.8596617448501,
        "ClearanceVariability": 47.17976586547165,
        "DangerViolations": 159.6153846153846,
        "TurningAngle": 313.666400576063,
        "JerkPerMeter": 0.10783151701125589,
        "SuccessRate": 1.0,
        "OptimalDeviation": 0.020834384712213258,
        "PathCost": 13.768710937169253,
        "DistanceToGoal": 0.0,
        "OptiSafeIndex": 0.887071715945832,
        "NodesInPath": 9.038461538461538
    },
    "AStar": {
        "PlanningTime": 38.09384069189456,
        "MinimumClearance": 2.0185156914121487,
        "AverageMinimumClearance": 3.8375961201669213,
        "ClearanceVariability": 49.87593027988799,
        "DangerViolations": 2317.3076923076924,
        "TurningAngle": 90.41265459497146,
        "JerkPerMeter": 0.044700995114187556,
        "SuccessRate": 1.0,
        "OptimalDeviation": 0.0,
        "PathCost": 13.706072586624494,
        "DistanceToGoal": 0.0,
        "OptiSafeIndex": 0.8416015216500645,
        "NodesInPath": 4.076923076923077
    },
    "FSPlanner": {
        "PlanningTime": 712.0503910003978,
        "MinimumClearance": 2.0542298570943074,
        "AverageMinimumClearance": 3.8164523270500825,
        "ClearanceVariability": 47.664719398821404,
        "DangerViolations": 48.07692307692308,
        "TurningAngle": 30.413487125523986,
        "JerkPerMeter": 0.007350637596280093,
        "SuccessRate": 1.0,
        "OptimalDeviation": -0.05391444787740895,
        "PathCost": 13.289064230253588,
        "DistanceToGoal": 0.0,
        "OptiSafeIndex": 0.9339550159965064,
        "NodesInPath": 2.6923076923076925
    }
}