{
    "VoronoiPlanner": {
        "PlanningTime": 55.78134238441215,
        "MinimumClearance": 0.19483405480573995,
        "AverageMinimumClearance": 0.7567606097931089,
        "ClearanceVariability": 9.094748671296667,
        "DangerViolations": 8.153846153846153,
        "TurningAngle": 55.0120683628171,
        "JerkPerMeter": 0.23810943595143852,
        "SuccessRate": 0.5333333333333333,
        "OptimalDeviation": 0.09421482113912485,
        "PathCost": 16.675769084608618,
        "DistanceToGoal": 9.375236730192015,
        "OptiSafeIndex": 0.46153846153846156,
        "NodesInPath": 2.076923076923077
    },
    "UPP": {
        "PlanningTime": 1416.2701880666039,
        "MinimumClearance": 0.26294557899579024,
        "AverageMinimumClearance": 0.8228927639270847,
        "ClearanceVariability": 8.982777637798119,
        "DangerViolations": 3470.0,
        "TurningAngle": 262.5698192600633,
        "JerkPerMeter": 0.05062378910355659,
        "SuccessRate": 1.0,
        "OptimalDeviation": 0.013501796330228027,
        "PathCost": 22.0147242978551,
        "DistanceToGoal": 0.0,
        "OptiSafeIndex": 0.6449158491878005,
        "NodesInPath": 7.866666666666666
    },
    "RRT": {
        "PlanningTime": 9347.313772230757,
        "MinimumClearance": 0.16520791354024217,
        "AverageMinimumClearance": 0.8356373512214577,
        "ClearanceVariability": 10.127264464013916,
        "DangerViolations": 1453.5384615384614,
        "TurningAngle": 1677.0926149592005,
        "JerkPerMeter": 0.7209585021022076,
        "SuccessRate": 0.6666666666666666,
        "OptimalDeviation": 0.275262094761949,
        "PathCost": 18.828463107877894,
        "DistanceToGoal": 4.336797100325431,
        "OptiSafeIndex": 0.3599063970427442,
        "NodesInPath": 46.15384615384615
    },
    "CBFRRT": {
        "PlanningTime": 14431.974001213997,
        "MinimumClearance": 0.13615394866292024,
        "AverageMinimumClearance": 0.6299273537811917,
        "ClearanceVariability": 7.749315759469009,
        "DangerViolations": 2115.4285714285716,
        "TurningAngle": 1627.3873852069014,
        "JerkPerMeter": 0.7139731432550465,
        "SuccessRate": 0.6666666666666666,
        "OptimalDeviation": 0.09096530558673359,
        "PathCost": 17.40290141524296,
        "DistanceToGoal": 5.912794276365626,
        "OptiSafeIndex": 0.2683144596811352,
        "NodesInPath": 44.357142857142854
    },
    "AStar": {
        "PlanningTime": 748.9869519997834,
        "MinimumClearance": 0.16886459673197157,
        "AverageMinimumClearance": 0.7549895512058004,
        "ClearanceVariability": 10.189427922324446,
        "DangerViolations": 41230.0,
        "TurningAngle": 224.8442407744388,
        "JerkPerMeter": 0.04032911600841448,
        "SuccessRate": 1.0,
        "OptimalDeviation": 0.0,
        "PathCost": 21.722026183724356,
        "DistanceToGoal": 0.0,
        "OptiSafeIndex": 0.47607081525790673,
        "NodesInPath": 7.066666666666666
    },
    "Dijkstra": {
        "PlanningTime": 12867.402724200414,
        "MinimumClearance": 0.25552284749830784,
        "AverageMinimumClearance": 0.812418670908501,
        "ClearanceVariability": 13.934027433141157,
        "DangerViolations": 41963.333333333336,
        "TurningAngle": 199.1381234565094,
        "JerkPerMeter": 0.036470439772062886,
        "SuccessRate": 1.0,
        "OptimalDeviation": -0.0013164011152620287,
        "PathCost": 21.678426002850546,
        "DistanceToGoal": 0.0,
        "OptiSafeIndex": 0.5664883682565051,
        "NodesInPath": 6.466666666666667
    },
    "WeightedAStar": {
        "PlanningTime": 691.6215870670081,
        "MinimumClearance": 0.16886459673197157,
        "AverageMinimumClearance": 0.7551394887896473,
        "ClearanceVariability": 10.19950371049449,
        "DangerViolations": 41230.0,
        "TurningAngle": 950.7814366389993,
        "JerkPerMeter": 0.07899062367578993,
        "SuccessRate": 1.0,
        "OptimalDeviation": 0.008005756632001206,
        "PathCost": 22.04511276237538,
        "DistanceToGoal": 0.0,
        "OptiSafeIndex": 0.4797642732849685,
        "NodesInPath": 23.2
    },
    "SDFAStar": {
        "PlanningTime": 2671.1842285993043,
        "MinimumClearance": 0.484761136157422,
        "AverageMinimumClearance": 0.9919644446623992,
        "ClearanceVariability": 6.93690620062776,
        "DangerViolations": 1870.0,
        "TurningAngle": 1743.8277162308796,
        "JerkPerMeter": 0.2616372662210454,
        "SuccessRate": 1.0,
        "OptimalDeviation": 0.11101775305124437,
        "PathCost": 23.993751631915014,
        "DistanceToGoal": 0.0,
        "OptiSafeIndex": 0.584107834486152,
        "NodesInPath": 28.866666666666667
    },
    "OptimizedAStar": {
        "PlanningTime": 1415.8473637335799,
        "MinimumClearance": 0.19218951416497454,
        "AverageMinimumClearance": 1.4203003247373924,
        "ClearanceVariability": 20.863837068160638,
        "DangerViolations": 21.533333333333335,
        "TurningAngle": 143.2226205685742,
        "JerkPerMeter": 0.6989454256234389,
        "SuccessRate": 1.0,
        "OptimalDeviation": 0.11937469436794745,
        "PathCost": 26.649918966826217,
        "DistanceToGoal": 0.0,
        "OptiSafeIndex": 0.5898417241180722,
        "NodesInPath": 3.8666666666666667
    }
}