{
    "UPP": {
        "PlanningTime": 179.99113599580596,
        "MinimumClearance": 3.8280733045165025,
        "AverageMinimumClearance": 6.287176120233619,
        "ClearanceVariability": 78.3174605496977,
        "DangerViolations": 0.0,
        "TurningAngle": 63.549425680684564,
        "JerkPerMeter": 0.02053806962105322,
        "SuccessRate": 1.0,
        "OptimalDeviation": 0.0,
        "PathCost": 18.034073073244702,
        "DistanceToGoal": 0.0,
        "OptiSafeIndex": 0.7943373700606844,
        "NodesInPath": 3.5
    },
    "InflatedAStar": {
        "PlanningTime": 45.65023449686123,
        "MinimumClearance": 3.8280733045165025,
        "AverageMinimumClearance": 6.287176120233619,
        "ClearanceVariability": 78.3174605496977,
        "DangerViolations": 0.0,
        "TurningAngle": 63.549425680684564,
        "JerkPerMeter": 0.02053806962105322,
        "SuccessRate": 1.0,
        "OptimalDeviation": 0.0,
        "PathCost": 18.034073073244702,
        "DistanceToGoal": 0.0,
        "OptiSafeIndex": 0.7943373700606844,
        "NodesInPath": 3.5
    },
    "AStar": {
        "PlanningTime": 20.404345501447096,
        "MinimumClearance": 3.8280733045165025,
        "AverageMinimumClearance": 6.287176120233619,
        "ClearanceVariability": 78.3174605496977,
        "DangerViolations": 0.0,
        "TurningAngle": 63.549425680684564,
        "JerkPerMeter": 0.02053806962105322,
        "SuccessRate": 1.0,
        "OptimalDeviation": 0.0,
        "PathCost": 18.034073073244702,
        "DistanceToGoal": 0.0,
        "OptiSafeIndex": 0.7943373700606844,
        "NodesInPath": 3.5
    }
}