{
    "VoronoiPlanner": {
        "PlanningTime": 32.232818014646575,
        "MinimumClearance": 0.2948787319574677,
        "AverageMinimumClearance": 0.6059227989876144,
        "ClearanceVariability": 0.9754679146336311,
        "DangerViolations": 2.545816733067729,
        "TurningAngle": 0.0,
        "JerkPerMeter": 0.0,
        "SuccessRate": 1.0,
        "OptimalDeviation": -0.07957588588866187,
        "PathCost": 2.9610621542259197,
        "DistanceToGoal": 0.0,
        "OptiSafeIndex": 1.0,
        "NodesInPath": 2.0
    },
    "AStar": {
        "PlanningTime": 16.766587292867808,
        "MinimumClearance": 0.3029254373934833,
        "AverageMinimumClearance": 0.6108506993308036,
        "ClearanceVariability": 1.0271550844072979,
        "DangerViolations": 592.5298804780876,
        "TurningAngle": 90.92603411696197,
        "JerkPerMeter": 0.08144979073811129,
        "SuccessRate": 1.0,
        "OptimalDeviation": 0.0,
        "PathCost": 3.220446115472888,
        "DistanceToGoal": 0.0,
        "OptiSafeIndex": 0.8462593945833018,
        "NodesInPath": 4.252988047808765
    },
    "RRT": {
        "PlanningTime": 95.56883236122115,
        "MinimumClearance": 0.19699863411058308,
        "AverageMinimumClearance": 0.5610274238851424,
        "ClearanceVariability": 1.1547550538326725,
        "DangerViolations": 66.52370689655173,
        "TurningAngle": 567.159310574641,
        "JerkPerMeter": 1.1209213313196809,
        "SuccessRate": 0.9243027888446215,
        "OptimalDeviation": 0.40836251282561536,
        "PathCost": 4.53227400517753,
        "DistanceToGoal": 0.0,
        "OptiSafeIndex": 0.4800788534966807,
        "NodesInPath": 13.855603448275861
    },
    "UPP": {
        "PlanningTime": 3302.0694214119358,
        "MinimumClearance": 0.3657525610285792,
        "AverageMinimumClearance": 0.6400386305501325,
        "ClearanceVariability": 0.8224191889702559,
        "DangerViolations": 4.48207171314741,
        "TurningAngle": 173.3373902717369,
        "JerkPerMeter": 0.13490234536369602,
        "SuccessRate": 1.0,
        "OptimalDeviation": 0.02908164912521563,
        "PathCost": 3.2965730756039178,
        "DistanceToGoal": 0.0,
        "OptiSafeIndex": 0.9328928301241526,
        "NodesInPath": 6.111553784860558
    },
    "CBFRRT": {
        "PlanningTime": 120.52621440896014,
        "MinimumClearance": 0.18819995697765576,
        "AverageMinimumClearance": 0.5621110370250024,
        "ClearanceVariability": 1.2031999156495998,
        "DangerViolations": 53.78431372549019,
        "TurningAngle": 560.8103075176707,
        "JerkPerMeter": 1.1114036956566633,
        "SuccessRate": 0.9143426294820717,
        "OptimalDeviation": 0.41533485511778695,
        "PathCost": 4.504087560597693,
        "DistanceToGoal": 0.0,
        "OptiSafeIndex": 0.47462970311053354,
        "NodesInPath": 13.69281045751634
    },
    "FSPlanner": {
        "PlanningTime": 578.526057832688,
        "MinimumClearance": 0.31977009437921317,
        "AverageMinimumClearance": 0.624585922111132,
        "ClearanceVariability": 0.9447198184385708,
        "DangerViolations": 4.712574850299402,
        "TurningAngle": 112.46702587075895,
        "JerkPerMeter": 0.06523598744915574,
        "SuccessRate": 1,
        "OptimalDeviation": -0.06259093002026123,
        "PathCost": 3.0268832111508606,
        "DistanceToGoal": 0.0,
        "OptiSafeIndex": 0.9944415830384609,
        "NodesInPath": 4.43313373253493
    },
    "SDFAStar": {
        "PlanningTime": 1370.3550529530776,
        "MinimumClearance": 0.42792060396486087,
        "AverageMinimumClearance": 0.6890322572104017,
        "ClearanceVariability": 0.7260147256832928,
        "DangerViolations": 23.652694610778443,
        "TurningAngle": 911.7421678194021,
        "JerkPerMeter": 0.5441847890239585,
        "SuccessRate": 1,
        "OptimalDeviation": 0.1304838893243369,
        "PathCost": 3.673396858133294,
        "DistanceToGoal": 0.0,
        "OptiSafeIndex": 0.8184695921704881,
        "NodesInPath": 19.74051896207585
    },
    "OptimizedAStar": {
        "PlanningTime": 295.16252097477366,
        "MinimumClearance": 0.2951679110631712,
        "AverageMinimumClearance": 0.6060652357239946,
        "ClearanceVariability": 0.9737385701716043,
        "DangerViolations": 2.5508982035928143,
        "TurningAngle": 0.0,
        "JerkPerMeter": 0.0,
        "SuccessRate": 1,
        "OptimalDeviation": -0.07954418603608397,
        "PathCost": 2.9592574287492894,
        "DistanceToGoal": 0.0,
        "OptiSafeIndex": 1.0,
        "NodesInPath": 2.0
    },
    "SafeAStar": {
        "PlanningTime": 424.87080698871677,
        "MinimumClearance": 0.3542389314759435,
        "AverageMinimumClearance": 0.6711659341679855,
        "ClearanceVariability": 0.8530825297787159,
        "DangerViolations": 4.491017964071856,
        "TurningAngle": 429.4260238696351,
        "JerkPerMeter": 0.28046104657826115,
        "SuccessRate": 1,
        "OptimalDeviation": 0.007880674446401883,
        "PathCost": 3.241908375370843,
        "DistanceToGoal": 0.0,
        "OptiSafeIndex": 0.9470330468290534,
        "NodesInPath": 11.806387225548903
    }
}