{
    "VoronoiPlanner": {
        "PlanningTime": 28.956222060369328,
        "MinimumClearance": 0.3859153290492313,
        "AverageMinimumClearance": 0.7824237065098374,
        "ClearanceVariability": 2.1417775238879018,
        "DangerViolations": 2.689090909090909,
        "TurningAngle": 17.05398244503837,
        "JerkPerMeter": 0.0,
        "SuccessRate": 0.9,
        "OptimalDeviation": -0.0896288951872914,
        "PathCost": 3.150223078626872,
        "DistanceToGoal": 0.3948492874062762,
        "OptiSafeIndex": 0.8262298156702463,
        "NodesInPath": 1.989090909090909
    },
    "AStar": {
        "PlanningTime": 21.558866085516375,
        "MinimumClearance": 0.376885167692109,
        "AverageMinimumClearance": 0.792036294033292,
        "ClearanceVariability": 2.476411970445418,
        "DangerViolations": 1202.7272727272727,
        "TurningAngle": 109.23551938267663,
        "JerkPerMeter": 0.08479688831906894,
        "SuccessRate": 1.0,
        "OptimalDeviation": 0.0,
        "PathCost": 3.58606244930552,
        "DistanceToGoal": 0.0,
        "OptiSafeIndex": 0.7643067887116982,
        "NodesInPath": 4.674545454545455
    },
    "RRT": {
        "PlanningTime": 137.81955977226608,
        "MinimumClearance": 0.2916708031291333,
        "AverageMinimumClearance": 0.7693526081162629,
        "ClearanceVariability": 2.6036147233130773,
        "DangerViolations": 67.968,
        "TurningAngle": 656.4033754419935,
        "JerkPerMeter": 1.1681539435170616,
        "SuccessRate": 0.9090909090909091,
        "OptimalDeviation": 0.4307874238781726,
        "PathCost": 5.079681001957781,
        "DistanceToGoal": 0.0,
        "OptiSafeIndex": 0.47269531432864387,
        "NodesInPath": 15.352
    },
    "UPP": {
        "PlanningTime": 4287.926795356218,
        "MinimumClearance": 0.4539284275861564,
        "AverageMinimumClearance": 0.8302724345211443,
        "ClearanceVariability": 2.152277430431293,
        "DangerViolations": 7.090909090909091,
        "TurningAngle": 191.75567967390677,
        "JerkPerMeter": 0.13283474168627735,
        "SuccessRate": 1.0,
        "OptimalDeviation": 0.033662383665371345,
        "PathCost": 3.6949784200155804,
        "DistanceToGoal": 0.0,
        "OptiSafeIndex": 0.906866709524598,
        "NodesInPath": 6.501818181818182
    },
    "CBFRRT": {
        "PlanningTime": 143.07621010163984,
        "MinimumClearance": 0.2934860497255979,
        "AverageMinimumClearance": 0.7742240354182129,
        "ClearanceVariability": 2.585316493681482,
        "DangerViolations": 55.96875,
        "TurningAngle": 651.0209006246638,
        "JerkPerMeter": 1.1487851333806351,
        "SuccessRate": 0.9309090909090909,
        "OptimalDeviation": 0.43418269344431915,
        "PathCost": 5.116417795857352,
        "DistanceToGoal": 0.0,
        "OptiSafeIndex": 0.4678578744434151,
        "NodesInPath": 15.435546875
    },
    "FSPlanner": {
        "PlanningTime": 1124.4031176294347,
        "MinimumClearance": 0.4001363768452069,
        "AverageMinimumClearance": 0.8166885694676386,
        "ClearanceVariability": 2.302454571364041,
        "DangerViolations": 47.46,
        "TurningAngle": 197.31852381092318,
        "JerkPerMeter": 0.10941258810407409,
        "SuccessRate": 1.0,
        "OptimalDeviation": -0.05012171009783864,
        "PathCost": 3.420583191518624,
        "DistanceToGoal": 0.0,
        "OptiSafeIndex": 0.8585762411040729,
        "NodesInPath": 6.249090909090909
    },
    "SDFAStar": {
        "PlanningTime": 1948.862844657375,
        "MinimumClearance": 0.5254987568290872,
        "AverageMinimumClearance": 0.8902951568422102,
        "ClearanceVariability": 2.0728630181026433,
        "DangerViolations": 128.72727272727272,
        "TurningAngle": 1095.229446211724,
        "JerkPerMeter": 0.5764775428743348,
        "SuccessRate": 1.0,
        "OptimalDeviation": 0.14048100613318906,
        "PathCost": 4.145458764190682,
        "DistanceToGoal": 0.0,
        "OptiSafeIndex": 0.7956303661775583,
        "NodesInPath": 22.592727272727274
    },
    "OptimizedAStar": {
        "PlanningTime": 333.93987038913605,
        "MinimumClearance": 0.39774786705323534,
        "AverageMinimumClearance": 0.914209433883483,
        "ClearanceVariability": 3.2786449096263817,
        "DangerViolations": 4.189090909090909,
        "TurningAngle": 33.788657341330385,
        "JerkPerMeter": 0.024353308479381983,
        "SuccessRate": 1.0,
        "OptimalDeviation": 0.08323002221547232,
        "PathCost": 3.9042658505561634,
        "DistanceToGoal": 0.0,
        "OptiSafeIndex": 0.8175452986346027,
        "NodesInPath": 2.310909090909091
    },
    "SafeAStar": {
        "PlanningTime": 624.4045181925917,
        "MinimumClearance": 0.436767384181531,
        "AverageMinimumClearance": 0.8589105354920482,
        "ClearanceVariability": 2.1241918341825308,
        "DangerViolations": 8.181818181818182,
        "TurningAngle": 405.6368099937835,
        "JerkPerMeter": 0.25130501568449076,
        "SuccessRate": 1.0,
        "OptimalDeviation": 0.013152359688094304,
        "PathCost": 3.6327630283580272,
        "DistanceToGoal": 0.0,
        "OptiSafeIndex": 0.9072354853155027,
        "NodesInPath": 11.405454545454546
    }
}