{
    "VoronoiPlanner": {
        "PlanningTime": 6.582353873918318,
        "MinimumClearance": 0.028100762043028967,
        "AverageMinimumClearance": 0.06616608249684695,
        "ClearanceVariability": 0.04839498530875473,
        "DangerViolations": 3.2273972602739724,
        "TurningAngle": 2.9212071129901114,
        "JerkPerMeter": 0.0,
        "SuccessRate": 0.22384428223844283,
        "OptimalDeviation": -0.7557409260614945,
        "PathCost": 0.4085407047206028,
        "DistanceToGoal": 1.9924078617577703,
        "OptiSafeIndex": 0.24709444403306496,
        "NodesInPath": 0.5534246575342465
    },
    "AStar": {
        "PlanningTime": 16.600191136325,
        "MinimumClearance": 0.06472999062711182,
        "AverageMinimumClearance": 0.1823207057737866,
        "ClearanceVariability": 0.2884692786249463,
        "DangerViolations": 3935.279805352798,
        "TurningAngle": 249.25568866977474,
        "JerkPerMeter": 0.16549589003000822,
        "SuccessRate": 1.0,
        "OptimalDeviation": 0.0,
        "PathCost": 3.1832173472142804,
        "DistanceToGoal": 0.0,
        "OptiSafeIndex": 0.8633435286898119,
        "NodesInPath": 7.535279805352798
    },
    "RRT": {
        "PlanningTime": 65.69410257003811,
        "MinimumClearance": 0.06912380818584218,
        "AverageMinimumClearance": 0.24157716021603107,
        "ClearanceVariability": 0.30343319470656516,
        "DangerViolations": 213.35537190082644,
        "TurningAngle": 465.38740131452585,
        "JerkPerMeter": 0.9115971363819128,
        "SuccessRate": 0.5888077858880778,
        "OptimalDeviation": 0.4428752005172601,
        "PathCost": 3.9744256464336303,
        "DistanceToGoal": 0.0,
        "OptiSafeIndex": 0.5179794585906758,
        "NodesInPath": 11.929752066115702
    },
    "UPP": {
        "PlanningTime": 239.4495471488548,
        "MinimumClearance": 0.08738432618955184,
        "AverageMinimumClearance": 0.24792755574900327,
        "ClearanceVariability": 0.20914601536162478,
        "DangerViolations": 717.8048780487804,
        "TurningAngle": 590.5454594560675,
        "JerkPerMeter": 0.32564717433546125,
        "SuccessRate": 1,
        "OptimalDeviation": 0.11066685247896066,
        "PathCost": 3.570117268277698,
        "DistanceToGoal": 0.0,
        "OptiSafeIndex": 0.8175312684145072,
        "NodesInPath": 14.980487804878049
    },
    "CBFRRT": {
        "PlanningTime": 63.73550182240048,
        "MinimumClearance": 0.06608478090004781,
        "AverageMinimumClearance": 0.2362598642970006,
        "ClearanceVariability": 0.2980058496897179,
        "DangerViolations": 226.17355371900825,
        "TurningAngle": 436.86669392016427,
        "JerkPerMeter": 0.9146533542952924,
        "SuccessRate": 0.5888077858880778,
        "OptimalDeviation": 0.39530992587584374,
        "PathCost": 3.7594688142209796,
        "DistanceToGoal": 0.0,
        "OptiSafeIndex": 0.5310782907975988,
        "NodesInPath": 11.433884297520661
    },
    "FSPlanner": {
        "PlanningTime": 51.45135225595767,
        "MinimumClearance": 0.07250666241477842,
        "AverageMinimumClearance": 0.26119787828582897,
        "ClearanceVariability": 0.3100978109057975,
        "DangerViolations": 941.5170731707317,
        "TurningAngle": 334.241402807949,
        "JerkPerMeter": 0.19812928482617398,
        "SuccessRate": 1,
        "OptimalDeviation": 0.013274760467503876,
        "PathCost": 3.246293985138245,
        "DistanceToGoal": 0.0,
        "OptiSafeIndex": 0.8845078921774232,
        "NodesInPath": 9.41219512195122
    },
    "SDFAStar": {
        "PlanningTime": 50.06192985593083,
        "MinimumClearance": 0.07809156658131158,
        "AverageMinimumClearance": 0.1893027544621199,
        "ClearanceVariability": 0.17044901859416986,
        "DangerViolations": 2603.170731707317,
        "TurningAngle": 474.8775509128195,
        "JerkPerMeter": 0.28486137604955014,
        "SuccessRate": 1,
        "OptimalDeviation": 0.0796202352054554,
        "PathCost": 3.475018000826711,
        "DistanceToGoal": 0.0,
        "OptiSafeIndex": 0.8345875123256735,
        "NodesInPath": 11.765853658536585
    },
    "OptimizedAStar": {
        "PlanningTime": 133.87371623647618,
        "MinimumClearance": 0.05447382187690221,
        "AverageMinimumClearance": 0.2601726608082071,
        "ClearanceVariability": 0.45055774117945935,
        "DangerViolations": 90.54634146341463,
        "TurningAngle": 168.0257621335991,
        "JerkPerMeter": 0.6894072193606068,
        "SuccessRate": 1,
        "OptimalDeviation": 0.13826527532812985,
        "PathCost": 3.6528536792617565,
        "DistanceToGoal": 0.0,
        "OptiSafeIndex": 0.5776115052942813,
        "NodesInPath": 4.634146341463414
    },
    "SafeAStar": {
        "PlanningTime": 36.26052939748993,
        "MinimumClearance": 0.08785914731097742,
        "AverageMinimumClearance": 0.28963672346080754,
        "ClearanceVariability": 0.29620669811899225,
        "DangerViolations": 568.0487804878048,
        "TurningAngle": 466.07098260761876,
        "JerkPerMeter": 0.2895765260859936,
        "SuccessRate": 1,
        "OptimalDeviation": 0.065229142323003,
        "PathCost": 3.4006967562124206,
        "DistanceToGoal": 0.0,
        "OptiSafeIndex": 0.889768018424241,
        "NodesInPath": 12.353658536585366
    }
}