{
    "VoronoiPlanner": {
        "PlanningTime": 19.627254122082377,
        "MinimumClearance": 2.1190775697979145,
        "AverageMinimumClearance": 5.638246465671683,
        "ClearanceVariability": 114.93479961018029,
        "DangerViolations": 0.076,
        "TurningAngle": 38.78429148477087,
        "JerkPerMeter": 0.05877589549203753,
        "SuccessRate": 0.938,
        "OptimalDeviation": 0.03905464973740035,
        "PathCost": 30.022171751643445,
        "DistanceToGoal": 2.0322488828792724,
        "OptiSafeIndex": 0.797975261065547,
        "NodesInPath": 2.334
    },
    "AStar": {
        "PlanningTime": 99.53651335203904,
        "MinimumClearance": 1.7823559715170532,
        "AverageMinimumClearance": 5.076533310833419,
        "ClearanceVariability": 122.33340927880832,
        "DangerViolations": 7967.0,
        "TurningAngle": 138.30897402627883,
        "JerkPerMeter": 0.011405275802743801,
        "SuccessRate": 1.0,
        "OptimalDeviation": 0.0,
        "PathCost": 29.331294779225665,
        "DistanceToGoal": 0.0,
        "OptiSafeIndex": 0.544762224020399,
        "NodesInPath": 5.014
    },
    "RRT": {
        "PlanningTime": 717.5340680139607,
        "MinimumClearance": 1.5555703573947697,
        "AverageMinimumClearance": 4.888682708909378,
        "ClearanceVariability": 102.62354274419721,
        "DangerViolations": 88.3963133640553,
        "TurningAngle": 3104.074265297063,
        "JerkPerMeter": 0.8915248460286769,
        "SuccessRate": 0.868,
        "OptimalDeviation": 0.26210780920535537,
        "PathCost": 35.87532122507337,
        "DistanceToGoal": 0.0,
        "OptiSafeIndex": 0.4560158568910165,
        "NodesInPath": 89.1221198156682
    },
    "UPP": {
        "PlanningTime": 398.47083480807487,
        "MinimumClearance": 1.8777924062589768,
        "AverageMinimumClearance": 5.124662548128329,
        "ClearanceVariability": 119.88673871625411,
        "DangerViolations": 0.6,
        "TurningAngle": 170.06609176716304,
        "JerkPerMeter": 0.013311485411147442,
        "SuccessRate": 1.0,
        "OptimalDeviation": -0.0016661113481378068,
        "PathCost": 29.238881106620422,
        "DistanceToGoal": 0.0,
        "OptiSafeIndex": 0.6593125770696486,
        "NodesInPath": 5.74
    },
    "CBFRRT": {
        "PlanningTime": 917.0614825151919,
        "MinimumClearance": 1.5574625362316412,
        "AverageMinimumClearance": 4.920185803690258,
        "ClearanceVariability": 106.36889893864475,
        "DangerViolations": 90.1418439716312,
        "TurningAngle": 3131.9338661337765,
        "JerkPerMeter": 0.8943803438035183,
        "SuccessRate": 0.846,
        "OptimalDeviation": 0.2792573063167017,
        "PathCost": 36.07551396275793,
        "DistanceToGoal": 0.0,
        "OptiSafeIndex": 0.45542743404149183,
        "NodesInPath": 89.87943262411348
    },
    "FSPlanner": {
        "PlanningTime": 1313.8323911637126,
        "MinimumClearance": 2.0793778126307925,
        "AverageMinimumClearance": 5.48784251770598,
        "ClearanceVariability": 107.11283302679664,
        "DangerViolations": 38.604,
        "TurningAngle": 140.41202537554958,
        "JerkPerMeter": 0.008713181677502528,
        "SuccessRate": 1.0,
        "OptimalDeviation": -0.030275492716091496,
        "PathCost": 28.558363944252694,
        "DistanceToGoal": 0.0,
        "OptiSafeIndex": 0.7670837619715066,
        "NodesInPath": 5.1
    },
    "SDFAStar": {
        "PlanningTime": 3437.914627613532,
        "MinimumClearance": 3.5274532108040497,
        "AverageMinimumClearance": 6.049372376993319,
        "ClearanceVariability": 71.6104514081857,
        "DangerViolations": 184.6,
        "TurningAngle": 2451.081900123132,
        "JerkPerMeter": 0.18470720534032262,
        "SuccessRate": 1.0,
        "OptimalDeviation": 0.1186514299058131,
        "PathCost": 33.02373679845887,
        "DistanceToGoal": 0.0,
        "OptiSafeIndex": 0.7834214263718093,
        "NodesInPath": 40.242
    },
    "OptimizedAStar": {
        "PlanningTime": 294.8897438743734,
        "MinimumClearance": 1.8429055615086423,
        "AverageMinimumClearance": 5.517564460299451,
        "ClearanceVariability": 110.72799775281162,
        "DangerViolations": 1.54,
        "TurningAngle": 34.22602951213776,
        "JerkPerMeter": 0.02261079279851846,
        "SuccessRate": 1.0,
        "OptimalDeviation": 0.012056530421669903,
        "PathCost": 29.792279765733706,
        "DistanceToGoal": 0.0,
        "OptiSafeIndex": 0.6714542913307517,
        "NodesInPath": 2.474
    },
    "SafeAStar": {
        "PlanningTime": 346.0810407201352,
        "MinimumClearance": 1.9054829675745772,
        "AverageMinimumClearance": 5.214258977720115,
        "ClearanceVariability": 112.53681494768841,
        "DangerViolations": 0.6,
        "TurningAngle": 675.6565228397774,
        "JerkPerMeter": 0.04918775793392116,
        "SuccessRate": 1.0,
        "OptimalDeviation": 0.002096741978691267,
        "PathCost": 29.372975132514956,
        "DistanceToGoal": 0.0,
        "OptiSafeIndex": 0.6735324674704636,
        "NodesInPath": 16.978
    }
}