{
    "VoronoiPlanner": {
        "PlanningTime": 71.38920797071498,
        "MinimumClearance": 0.5447864705546904,
        "AverageMinimumClearance": 1.6595244689839672,
        "ClearanceVariability": 22.925013246443157,
        "DangerViolations": 13.035040431266847,
        "TurningAngle": 101.99798054648353,
        "JerkPerMeter": 0.31333353349945703,
        "SuccessRate": 0.4664310954063604,
        "OptimalDeviation": 0.2841910030963689,
        "PathCost": 36.82735019263892,
        "DistanceToGoal": 7.611259502052452,
        "OptiSafeIndex": 0.36940803907540487,
        "NodesInPath": 2.7951482479784366
    },
    "AStar": {
        "PlanningTime": 1019.8213463541068,
        "MinimumClearance": 0.3194561223134766,
        "AverageMinimumClearance": 1.2421926981851137,
        "ClearanceVariability": 24.106779304800845,
        "DangerViolations": 45643.81625441696,
        "TurningAngle": 266.9419809631266,
        "JerkPerMeter": 0.01807446277744204,
        "SuccessRate": 1.0,
        "OptimalDeviation": 0.0,
        "PathCost": 36.018759428830194,
        "DistanceToGoal": 0.0,
        "OptiSafeIndex": 0.3420118742131559,
        "NodesInPath": 7.879858657243816
    },
    "RRT": {
        "PlanningTime": 11774.939760133726,
        "MinimumClearance": 0.18692253276470325,
        "AverageMinimumClearance": 1.1462010483500569,
        "ClearanceVariability": 18.68760783574442,
        "DangerViolations": 623.2233009708738,
        "TurningAngle": 2836.101676859604,
        "JerkPerMeter": 0.7011707693213763,
        "SuccessRate": 0.5971731448763251,
        "OptimalDeviation": 0.05296183586227141,
        "PathCost": 33.47986583752446,
        "DistanceToGoal": 5.118289948950264,
        "OptiSafeIndex": 0.2641224884891077,
        "NodesInPath": 82.54611650485437
    },
    "UPP": {
        "PlanningTime": 2394.9404873323397,
        "MinimumClearance": 0.46123847957371744,
        "AverageMinimumClearance": 1.3044175541836576,
        "ClearanceVariability": 21.588645317865574,
        "DangerViolations": 4.946996466431095,
        "TurningAngle": 535.5836304310939,
        "JerkPerMeter": 0.03189171794926718,
        "SuccessRate": 1.0,
        "OptimalDeviation": 0.007254710214984508,
        "PathCost": 36.214426421781916,
        "DistanceToGoal": 0.0,
        "OptiSafeIndex": 0.6208861953094085,
        "NodesInPath": 13.842756183745584
    },
    "CBFRRT": {
        "PlanningTime": 13344.393057181649,
        "MinimumClearance": 0.20177945502997563,
        "AverageMinimumClearance": 1.1145974544356976,
        "ClearanceVariability": 17.897229392584965,
        "DangerViolations": 579.2660098522167,
        "TurningAngle": 2725.1316164123464,
        "JerkPerMeter": 0.6824778114642668,
        "SuccessRate": 0.568904593639576,
        "OptimalDeviation": 0.03305266225741958,
        "PathCost": 32.11105120986177,
        "DistanceToGoal": 5.536801373032806,
        "OptiSafeIndex": 0.26391087047878353,
        "NodesInPath": 79.65517241379311
    },
    "FSPlanner": {
        "PlanningTime": 4143.288659022298,
        "MinimumClearance": 0.36421519060406915,
        "AverageMinimumClearance": 1.8325279738955291,
        "ClearanceVariability": 23.447712037884475,
        "DangerViolations": 353.18374558303884,
        "TurningAngle": 358.44407578860705,
        "JerkPerMeter": 0.021138502337324307,
        "SuccessRate": 1.0,
        "OptimalDeviation": -0.0017286121206726902,
        "PathCost": 36.01485146133241,
        "DistanceToGoal": 0.0,
        "OptiSafeIndex": 0.43588555185568795,
        "NodesInPath": 9.916961130742049
    },
    "SDFAStar": {
        "PlanningTime": 5836.719632007543,
        "MinimumClearance": 0.8589109527438639,
        "AverageMinimumClearance": 1.8038999331986711,
        "ClearanceVariability": 17.157827076885795,
        "DangerViolations": 598.5865724381625,
        "TurningAngle": 1605.6050392189113,
        "JerkPerMeter": 0.10752317901102844,
        "SuccessRate": 1.0,
        "OptimalDeviation": 0.10991373777123624,
        "PathCost": 40.27661541586478,
        "DistanceToGoal": 0.0,
        "OptiSafeIndex": 0.6834065181923527,
        "NodesInPath": 29.008833922261484
    },
    "OptimizedAStar": {
        "PlanningTime": 1562.0865371908585,
        "MinimumClearance": 0.37931950707711204,
        "AverageMinimumClearance": 2.1593429948006406,
        "ClearanceVariability": 36.3731414721529,
        "DangerViolations": 6.636042402826855,
        "TurningAngle": 142.3910527152584,
        "JerkPerMeter": 0.6045953655781717,
        "SuccessRate": 1.0,
        "OptimalDeviation": 0.13634583439544842,
        "PathCost": 41.272932973506855,
        "DistanceToGoal": 0.0,
        "OptiSafeIndex": 0.4503578327203143,
        "NodesInPath": 3.871024734982332
    },
    "SafeAStar": {
        "PlanningTime": 1913.2238239895362,
        "MinimumClearance": 0.48593885880382687,
        "AverageMinimumClearance": 1.8637877152959517,
        "ClearanceVariability": 18.501771246498496,
        "DangerViolations": 4.240282685512367,
        "TurningAngle": 2173.5248751499007,
        "JerkPerMeter": 0.12454335551534722,
        "SuccessRate": 1.0,
        "OptimalDeviation": 0.02331433466084014,
        "PathCost": 36.86333093751894,
        "DistanceToGoal": 0.0,
        "OptiSafeIndex": 0.6356816146988499,
        "NodesInPath": 50.25088339222615
    }
}