{
    "VoronoiPlanner": {
        "PlanningTime": 71.04487919473442,
        "MinimumClearance": 1.6121223473517408,
        "AverageMinimumClearance": 4.592161815155022,
        "ClearanceVariability": 105.69434583876274,
        "DangerViolations": 3.0369458128078817,
        "TurningAngle": 76.48315327730677,
        "JerkPerMeter": 0.27412293745387206,
        "SuccessRate": 0.8388429752066116,
        "OptimalDeviation": 0.46798311689038835,
        "PathCost": 41.295992964970495,
        "DistanceToGoal": 0.0,
        "OptiSafeIndex": 0.7526542388515057,
        "NodesInPath": 2.899014778325123
    },
    "AStar": {
        "PlanningTime": 83.35451568209389,
        "MinimumClearance": 1.1678854459734351,
        "AverageMinimumClearance": 4.00404209598586,
        "ClearanceVariability": 134.67893615339727,
        "DangerViolations": 16172.520661157025,
        "TurningAngle": 184.13086723531376,
        "JerkPerMeter": 0.014375797227279911,
        "SuccessRate": 1.0,
        "OptimalDeviation": 0.0,
        "PathCost": 29.16361728055734,
        "DistanceToGoal": 0.0,
        "OptiSafeIndex": 0.4839788941858748,
        "NodesInPath": 6.053719008264463
    },
    "RRT": {
        "PlanningTime": 1681.5063636951843,
        "MinimumClearance": 0.8605592008383206,
        "AverageMinimumClearance": 3.7751324940338287,
        "ClearanceVariability": 120.8174335327769,
        "DangerViolations": 254.6650831353919,
        "TurningAngle": 3173.7806554121407,
        "JerkPerMeter": 0.8833585362083679,
        "SuccessRate": 0.8677685950413223,
        "OptimalDeviation": 0.3240017357931813,
        "PathCost": 36.691374263839414,
        "DistanceToGoal": 0.08540976163136334,
        "OptiSafeIndex": 0.372906698282522,
        "NodesInPath": 91.17814726840855
    },
    "UPP": {
        "PlanningTime": 599.8540096010672,
        "MinimumClearance": 1.3000430247462145,
        "AverageMinimumClearance": 4.010405331609842,
        "ClearanceVariability": 132.55735558828675,
        "DangerViolations": 2.272727272727273,
        "TurningAngle": 281.6409005891519,
        "JerkPerMeter": 0.021199159968292244,
        "SuccessRate": 1.0,
        "OptimalDeviation": -0.0006138409563485427,
        "PathCost": 29.083689087415845,
        "DistanceToGoal": 0.0,
        "OptiSafeIndex": 0.7364894807597713,
        "NodesInPath": 8.22107438016529
    },
    "CBFRRT": {
        "PlanningTime": 1402.9279024943942,
        "MinimumClearance": 0.8844645460356843,
        "AverageMinimumClearance": 3.7723574715565187,
        "ClearanceVariability": 120.40214625656006,
        "DangerViolations": 261.3768115942029,
        "TurningAngle": 3154.347738958579,
        "JerkPerMeter": 0.8858858591142557,
        "SuccessRate": 0.8553719008264463,
        "OptimalDeviation": 0.31494769842005194,
        "PathCost": 36.383454271133694,
        "DistanceToGoal": 0.0,
        "OptiSafeIndex": 0.38442133150379587,
        "NodesInPath": 90.5024154589372
    },
    "FSPlanner": {
        "PlanningTime": 2102.743622146245,
        "MinimumClearance": 1.394264817013241,
        "AverageMinimumClearance": 4.415914958031164,
        "ClearanceVariability": 125.27388895843507,
        "DangerViolations": 163.84710743801654,
        "TurningAngle": 193.5375141277981,
        "JerkPerMeter": 0.01282326256867289,
        "SuccessRate": 1.0,
        "OptimalDeviation": -0.022849334669114645,
        "PathCost": 28.570996898853217,
        "DistanceToGoal": 0.0,
        "OptiSafeIndex": 0.7074304824721934,
        "NodesInPath": 6.274793388429752
    },
    "SDFAStar": {
        "PlanningTime": 4420.124270983304,
        "MinimumClearance": 2.171065076724819,
        "AverageMinimumClearance": 4.44764612031403,
        "ClearanceVariability": 95.56899085170838,
        "DangerViolations": 42.768595041322314,
        "TurningAngle": 3989.4741582413963,
        "JerkPerMeter": 0.2906318326610486,
        "SuccessRate": 1.0,
        "OptimalDeviation": 0.11800206590732928,
        "PathCost": 32.683964448392956,
        "DistanceToGoal": 0.0,
        "OptiSafeIndex": 0.8199227145899023,
        "NodesInPath": 54.51239669421488
    },
    "OptimizedAStar": {
        "PlanningTime": 452.17046393697296,
        "MinimumClearance": 1.3708900610315624,
        "AverageMinimumClearance": 4.525347635439135,
        "ClearanceVariability": 120.15055870679801,
        "DangerViolations": 2.727272727272727,
        "TurningAngle": 56.48888747566485,
        "JerkPerMeter": 0.12061172404739312,
        "SuccessRate": 1.0,
        "OptimalDeviation": 0.08238380056165327,
        "PathCost": 31.7837442153719,
        "DistanceToGoal": 0.0,
        "OptiSafeIndex": 0.657517940151524,
        "NodesInPath": 2.768595041322314
    },
    "SafeAStar": {
        "PlanningTime": 616.3504743859103,
        "MinimumClearance": 1.309536556630457,
        "AverageMinimumClearance": 4.285250850788858,
        "ClearanceVariability": 121.383201603942,
        "DangerViolations": 2.272727272727273,
        "TurningAngle": 1136.2569193380941,
        "JerkPerMeter": 0.07650412660631216,
        "SuccessRate": 1.0,
        "OptimalDeviation": 0.010732235423380358,
        "PathCost": 29.51760782107662,
        "DistanceToGoal": 0.0,
        "OptiSafeIndex": 0.7296450722821713,
        "NodesInPath": 27.212809917355372
    }
}