{
    "VoronoiPlanner": {
        "PlanningTime": 3.7410805919207633,
        "MinimumClearance": 0.0547129870152075,
        "AverageMinimumClearance": 0.10936676433907266,
        "ClearanceVariability": 0.11555698653857963,
        "DangerViolations": 2.17,
        "TurningAngle": 0.515414455922047,
        "JerkPerMeter": 0.0,
        "SuccessRate": 0.295,
        "OptimalDeviation": -0.7172363534058261,
        "PathCost": 0.5206067620972503,
        "DistanceToGoal": 2.106890106700245,
        "OptiSafeIndex": 0.28627075267273044,
        "NodesInPath": 0.599
    },
    "AStar": {
        "PlanningTime": 26.342449452728033,
        "MinimumClearance": 0.09573966326864099,
        "AverageMinimumClearance": 0.2480218191896511,
        "ClearanceVariability": 0.5262599435053132,
        "DangerViolations": 4638.2,
        "TurningAngle": 216.5237499744039,
        "JerkPerMeter": 0.11577868598451362,
        "SuccessRate": 1.0,
        "OptimalDeviation": 0.0,
        "PathCost": 3.8653140092412204,
        "DistanceToGoal": 0.0,
        "OptiSafeIndex": 0.6280937877354724,
        "NodesInPath": 6.807
    },
    "RRT": {
        "PlanningTime": 54.55344614375785,
        "MinimumClearance": 0.10019698905811625,
        "AverageMinimumClearance": 0.3363340213589042,
        "ClearanceVariability": 0.5542444333053056,
        "DangerViolations": 121.58599695585997,
        "TurningAngle": 460.15324826804255,
        "JerkPerMeter": 0.9161396060600817,
        "SuccessRate": 0.657,
        "OptimalDeviation": 0.3111982909806869,
        "PathCost": 4.114615309985254,
        "DistanceToGoal": 0.0,
        "OptiSafeIndex": 0.5142592047045611,
        "NodesInPath": 12.34703196347032
    },
    "UPP": {
        "PlanningTime": 242.78438542573713,
        "MinimumClearance": 0.17673351549668911,
        "AverageMinimumClearance": 0.3455172128415037,
        "ClearanceVariability": 0.32160284622081825,
        "DangerViolations": 26.6,
        "TurningAngle": 328.0598683959925,
        "JerkPerMeter": 0.15825335664100104,
        "SuccessRate": 1.0,
        "OptimalDeviation": 0.09027702042227649,
        "PathCost": 4.261844063592024,
        "DistanceToGoal": 0.0,
        "OptiSafeIndex": 0.8545543368773668,
        "NodesInPath": 9.235
    },
    "CBFRRT": {
        "PlanningTime": 54.889557516535675,
        "MinimumClearance": 0.09894830613986969,
        "AverageMinimumClearance": 0.33045427889567225,
        "ClearanceVariability": 0.5429136160089674,
        "DangerViolations": 113.53218210361068,
        "TurningAngle": 432.09982701172436,
        "JerkPerMeter": 0.8801675400328298,
        "SuccessRate": 0.637,
        "OptimalDeviation": 0.2862193926966534,
        "PathCost": 3.950234107135074,
        "DistanceToGoal": 0.0,
        "OptiSafeIndex": 0.5202819222557203,
        "NodesInPath": 11.847723704866562
    },
    "FSPlanner": {
        "PlanningTime": 65.48953539092327,
        "MinimumClearance": 0.10768425125150712,
        "AverageMinimumClearance": 0.34199062524193197,
        "ClearanceVariability": 0.4440606426063184,
        "DangerViolations": 585.09,
        "TurningAngle": 232.0154610548223,
        "JerkPerMeter": 0.10566662583285422,
        "SuccessRate": 1.0,
        "OptimalDeviation": 0.003973330907482076,
        "PathCost": 3.9150117384107963,
        "DistanceToGoal": 0.0,
        "OptiSafeIndex": 0.6925277971690404,
        "NodesInPath": 7.151
    },
    "SDFAStar": {
        "PlanningTime": 80.91568031336647,
        "MinimumClearance": 0.15236309384412836,
        "AverageMinimumClearance": 0.3166834595413757,
        "ClearanceVariability": 0.33913977375270915,
        "DangerViolations": 1063.0,
        "TurningAngle": 503.51150929464575,
        "JerkPerMeter": 0.24192665709932826,
        "SuccessRate": 1.0,
        "OptimalDeviation": 0.08697984005469686,
        "PathCost": 4.298279265744919,
        "DistanceToGoal": 0.0,
        "OptiSafeIndex": 0.7600986040523987,
        "NodesInPath": 12.025
    },
    "OptimizedAStar": {
        "PlanningTime": 149.6744216537918,
        "MinimumClearance": 0.10756825159291415,
        "AverageMinimumClearance": 0.41940587233768845,
        "ClearanceVariability": 0.9122345809985897,
        "DangerViolations": 13.818,
        "TurningAngle": 154.00537185075828,
        "JerkPerMeter": 0.631836699890704,
        "SuccessRate": 1.0,
        "OptimalDeviation": 0.25932983847351815,
        "PathCost": 5.0960369894861675,
        "DistanceToGoal": 0.0,
        "OptiSafeIndex": 0.5889851768506806,
        "NodesInPath": 3.504
    },
    "SafeAStar": {
        "PlanningTime": 43.636711530270986,
        "MinimumClearance": 0.16394514405434235,
        "AverageMinimumClearance": 0.38602342173737475,
        "ClearanceVariability": 0.3385321993733226,
        "DangerViolations": 18.0,
        "TurningAngle": 386.762983670839,
        "JerkPerMeter": 0.19845823295860252,
        "SuccessRate": 1.0,
        "OptimalDeviation": 0.07377282796896267,
        "PathCost": 4.193370516870003,
        "DistanceToGoal": 0.0,
        "OptiSafeIndex": 0.8626688027016916,
        "NodesInPath": 10.589
    }
}