{
    "VoronoiPlanner": {
        "PlanningTime": 5.377621874976186,
        "MinimumClearance": 0.21559572353997017,
        "AverageMinimumClearance": 0.4862804556279844,
        "ClearanceVariability": 0.7622287798351322,
        "DangerViolations": 2.977272727272727,
        "TurningAngle": 38.19442240911967,
        "JerkPerMeter": 0.06165776416524812,
        "SuccessRate": 0.8133333333333334,
        "OptimalDeviation": -0.00802280801055554,
        "PathCost": 2.6806913710087836,
        "DistanceToGoal": 0.23100903367460612,
        "OptiSafeIndex": 0.8096251342366889,
        "NodesInPath": 2.3446969696969697
    },
    "AStar": {
        "PlanningTime": 3.793160856676726,
        "MinimumClearance": 0.17128478096407912,
        "AverageMinimumClearance": 0.4507761706710216,
        "ClearanceVariability": 1.0941700068387006,
        "DangerViolations": 1409.0,
        "TurningAngle": 105.7546183893467,
        "JerkPerMeter": 0.0858738245823341,
        "SuccessRate": 1.0,
        "OptimalDeviation": 0.0,
        "PathCost": 2.8809871794310684,
        "DistanceToGoal": 0.0,
        "OptiSafeIndex": 0.660739000408791,
        "NodesInPath": 4.34
    },
    "RRT": {
        "PlanningTime": 30.84143461979302,
        "MinimumClearance": 0.16778828931698275,
        "AverageMinimumClearance": 0.4858395427382431,
        "ClearanceVariability": 0.9107251865407499,
        "DangerViolations": 53.52851711026616,
        "TurningAngle": 380.77836286003446,
        "JerkPerMeter": 0.892883661501716,
        "SuccessRate": 0.8766666666666667,
        "OptimalDeviation": 0.33785310437512645,
        "PathCost": 3.6249702574541143,
        "DistanceToGoal": 0.0,
        "OptiSafeIndex": 0.5090551820865697,
        "NodesInPath": 10.897338403041825
    },
    "UPP": {
        "PlanningTime": 189.34842247667663,
        "MinimumClearance": 0.27457122397518463,
        "AverageMinimumClearance": 0.5050101249439701,
        "ClearanceVariability": 0.7595693001078211,
        "DangerViolations": 13.666666666666666,
        "TurningAngle": 225.0074820097795,
        "JerkPerMeter": 0.15557967899515376,
        "SuccessRate": 1.0,
        "OptimalDeviation": 0.04953960723254245,
        "PathCost": 3.021691905320607,
        "DistanceToGoal": 0.0,
        "OptiSafeIndex": 0.90858898308026,
        "NodesInPath": 6.956666666666667
    },
    "CBFRRT": {
        "PlanningTime": 31.821776544432527,
        "MinimumClearance": 0.16305312464564511,
        "AverageMinimumClearance": 0.47985099145492577,
        "ClearanceVariability": 0.9567478961064256,
        "DangerViolations": 56.41698841698842,
        "TurningAngle": 392.13509147593106,
        "JerkPerMeter": 0.8994413526509082,
        "SuccessRate": 0.8633333333333333,
        "OptimalDeviation": 0.3293010277705998,
        "PathCost": 3.6790561516374654,
        "DistanceToGoal": 0.0,
        "OptiSafeIndex": 0.5179205429286582,
        "NodesInPath": 11.13899613899614
    },
    "FSPlanner": {
        "PlanningTime": 29.07353094665723,
        "MinimumClearance": 0.20403203133546233,
        "AverageMinimumClearance": 0.5012001093932625,
        "ClearanceVariability": 0.9328102338762644,
        "DangerViolations": 95.86666666666666,
        "TurningAngle": 88.75051610683629,
        "JerkPerMeter": 0.055589656380974996,
        "SuccessRate": 1.0,
        "OptimalDeviation": -0.015104122875059718,
        "PathCost": 2.849480749296243,
        "DistanceToGoal": 0.0,
        "OptiSafeIndex": 0.8312801239791624,
        "NodesInPath": 3.9633333333333334
    },
    "SDFAStar": {
        "PlanningTime": 37.48490703668722,
        "MinimumClearance": 0.3042093037795707,
        "AverageMinimumClearance": 0.5434989099281483,
        "ClearanceVariability": 0.7045247251030589,
        "DangerViolations": 163.66666666666666,
        "TurningAngle": 434.1039915150463,
        "JerkPerMeter": 0.2809311505269987,
        "SuccessRate": 1.0,
        "OptimalDeviation": 0.08010980826773943,
        "PathCost": 3.1477237234637765,
        "DistanceToGoal": 0.0,
        "OptiSafeIndex": 0.8494118421926455,
        "NodesInPath": 10.57
    },
    "OptimizedAStar": {
        "PlanningTime": 69.39777424667909,
        "MinimumClearance": 0.2047634574342656,
        "AverageMinimumClearance": 0.6021607043119682,
        "ClearanceVariability": 1.7621425713939156,
        "DangerViolations": 4.6,
        "TurningAngle": 60.76414945234997,
        "JerkPerMeter": 0.0840784588602371,
        "SuccessRate": 1.0,
        "OptimalDeviation": 0.20704096602656696,
        "PathCost": 3.517594263241255,
        "DistanceToGoal": 0.0,
        "OptiSafeIndex": 0.6956679376482114,
        "NodesInPath": 2.6266666666666665
    },
    "SafeAStar": {
        "PlanningTime": 22.565859049984358,
        "MinimumClearance": 0.26607160412044706,
        "AverageMinimumClearance": 0.5562593905880966,
        "ClearanceVariability": 0.7502974968186222,
        "DangerViolations": 13.666666666666666,
        "TurningAngle": 295.79498305418497,
        "JerkPerMeter": 0.2052390141779941,
        "SuccessRate": 1.0,
        "OptimalDeviation": 0.04013456816602752,
        "PathCost": 2.9980278237938003,
        "DistanceToGoal": 0.0,
        "OptiSafeIndex": 0.9137849572488942,
        "NodesInPath": 8.566666666666666
    }
}