{
    "VoronoiPlanner": {
        "PlanningTime": 37.28825136703381,
        "MinimumClearance": 0.058524433330123235,
        "AverageMinimumClearance": 0.20461003834396554,
        "ClearanceVariability": 0.14227466863316962,
        "DangerViolations": 19.74,
        "TurningAngle": 121.93117231275266,
        "JerkPerMeter": 0.409959790602431,
        "SuccessRate": 0.894,
        "OptimalDeviation": 0.08434375585095283,
        "PathCost": 2.94768982247429,
        "DistanceToGoal": 0.36241528585007443,
        "OptiSafeIndex": 0.6480277367401611,
        "NodesInPath": 3.217
    },
    "AStar": {
        "PlanningTime": 3.8269554690559744,
        "MinimumClearance": 0.0570217333040392,
        "AverageMinimumClearance": 0.14593393950477432,
        "ClearanceVariability": 0.13112791971031654,
        "DangerViolations": 3061.6,
        "TurningAngle": 135.0619419834293,
        "JerkPerMeter": 0.12140817400389037,
        "SuccessRate": 1.0,
        "OptimalDeviation": 0.0,
        "PathCost": 2.820121408802486,
        "DistanceToGoal": 0.0,
        "OptiSafeIndex": 0.8572876187238534,
        "NodesInPath": 4.998
    },
    "RRT": {
        "PlanningTime": 43.017764611213444,
        "MinimumClearance": 0.05440041089830182,
        "AverageMinimumClearance": 0.17822505120881788,
        "ClearanceVariability": 0.13260644518687428,
        "DangerViolations": 244.98326898326897,
        "TurningAngle": 421.59130686269947,
        "JerkPerMeter": 0.9259655919108544,
        "SuccessRate": 0.777,
        "OptimalDeviation": 0.42380852209369524,
        "PathCost": 3.7383302587882037,
        "DistanceToGoal": 0.0,
        "OptiSafeIndex": 0.5280828375421773,
        "NodesInPath": 11.305019305019306
    },
    "UPP": {
        "PlanningTime": 203.54941458414032,
        "MinimumClearance": 0.09340548345507801,
        "AverageMinimumClearance": 0.20869375806068768,
        "ClearanceVariability": 0.10023232512663716,
        "DangerViolations": 33.2,
        "TurningAngle": 523.15716853149,
        "JerkPerMeter": 0.34827662898019374,
        "SuccessRate": 1.0,
        "OptimalDeviation": 0.10023114460033099,
        "PathCost": 3.0956317000520404,
        "DistanceToGoal": 0.0,
        "OptiSafeIndex": 0.852844639666171,
        "NodesInPath": 13.469
    },
    "CBFRRT": {
        "PlanningTime": 46.34039532317033,
        "MinimumClearance": 0.05394693462587293,
        "AverageMinimumClearance": 0.17826927763292313,
        "ClearanceVariability": 0.1348273857517309,
        "DangerViolations": 257.9618320610687,
        "TurningAngle": 429.4662106362733,
        "JerkPerMeter": 0.9367326779135078,
        "SuccessRate": 0.786,
        "OptimalDeviation": 0.42114739001329604,
        "PathCost": 3.7611605646595385,
        "DistanceToGoal": 0.0,
        "OptiSafeIndex": 0.5284303131539355,
        "NodesInPath": 11.408396946564885
    },
    "FSPlanner": {
        "PlanningTime": 38.80878121184287,
        "MinimumClearance": 0.08601138897806923,
        "AverageMinimumClearance": 0.20679727164005954,
        "ClearanceVariability": 0.10770690880780094,
        "DangerViolations": 167.486,
        "TurningAngle": 224.18641048727764,
        "JerkPerMeter": 0.1557310765216346,
        "SuccessRate": 1.0,
        "OptimalDeviation": 0.04188660368967529,
        "PathCost": 2.9543862955103792,
        "DistanceToGoal": 0.0,
        "OptiSafeIndex": 0.9005038041681671,
        "NodesInPath": 6.959
    },
    "SDFAStar": {
        "PlanningTime": 38.868191463901894,
        "MinimumClearance": 0.0697929275249347,
        "AverageMinimumClearance": 0.1343672690396006,
        "ClearanceVariability": 0.053864716455341195,
        "DangerViolations": 581.0,
        "TurningAngle": 684.2931910437625,
        "JerkPerMeter": 0.43683932772440287,
        "SuccessRate": 1.0,
        "OptimalDeviation": 0.12070214606998507,
        "PathCost": 3.204963584674611,
        "DistanceToGoal": 0.0,
        "OptiSafeIndex": 0.7826165608945221,
        "NodesInPath": 15.354
    },
    "OptimizedAStar": {
        "PlanningTime": 91.378985573916,
        "MinimumClearance": 0.06913193085640083,
        "AverageMinimumClearance": 0.2389516716964155,
        "ClearanceVariability": 0.19061339609884154,
        "DangerViolations": 21.412,
        "TurningAngle": 237.71363702263452,
        "JerkPerMeter": 1.075833421445187,
        "SuccessRate": 1.0,
        "OptimalDeviation": 0.26274728932631164,
        "PathCost": 3.5551091578357483,
        "DistanceToGoal": 0.0,
        "OptiSafeIndex": 0.6534313766246032,
        "NodesInPath": 4.576
    },
    "SafeAStar": {
        "PlanningTime": 28.06851399908919,
        "MinimumClearance": 0.10079490890899397,
        "AverageMinimumClearance": 0.22970111893297612,
        "ClearanceVariability": 0.10465903902211104,
        "DangerViolations": 54.0,
        "TurningAngle": 256.5015416777946,
        "JerkPerMeter": 0.18876794127624463,
        "SuccessRate": 1.0,
        "OptimalDeviation": 0.09225577329755645,
        "PathCost": 3.074701880286054,
        "DistanceToGoal": 0.0,
        "OptiSafeIndex": 0.8648215145783742,
        "NodesInPath": 7.693
    }
}