{
    "AStar": {
        "AverageMinimumClearance": 1.4868314030856458,
        "ClearanceVariability": 32.254134913639845,
        "DangerViolations": 11269.929867243656,
        "DistanceToGoal": 0.0,
        "JerkPerMeter": 0.07985233154110653,
        "MinimumClearance": 0.4948762006101427,
        "NodesInPath": 6.7510590890108,
        "OptiSafeIndex": 0.6418093441410708,
        "OptimalDeviation": 0.0,
        "PathCost": 14.364311457556264,
        "PlanningTime": 165.05302710540508,
        "SuccessRate": 1.0,
        "TurningAngle": 213.39014178269804
    },
    "CBFRRT": {
        "AverageMinimumClearance": 1.4312159214727616,
        "ClearanceVariability": 28.23778636876499,
        "DangerViolations": 218.32538367634305,
        "DistanceToGoal": 0.5670849668484802,
        "JerkPerMeter": 0.9106382249512457,
        "MinimumClearance": 0.3882332607177935,
        "NodesInPath": 42.8861510782542,
        "OptiSafeIndex": 0.453762693521341,
        "OptimalDeviation": 0.31390996930286497,
        "PathCost": 16.723703961007814,
        "PlanningTime": 1919.2747174235199,
        "SuccessRate": 0.7491018562986712,
        "TurningAngle": 1515.214511060417
    },
    "FSPlanner": {
        "AverageMinimumClearance": 1.7063739284777313,
        "ClearanceVariability": 29.68925769709525,
        "DangerViolations": 369.68445079769106,
        "DistanceToGoal": 0.0,
        "JerkPerMeter": 0.090972582193873,
        "MinimumClearance": 0.5751024750666194,
        "NodesInPath": 7.633136483448391,
        "OptiSafeIndex": 0.7543889076762,
        "OptimalDeviation": -0.010677519565713835,
        "PathCost": 14.199507929689645,
        "PlanningTime": 1183.9499290039848,
        "SuccessRate": 1.0,
        "TurningAngle": 256.3038263735799
    },
    "OptimizedAStar": {
        "AverageMinimumClearance": 1.8132595495218624,
        "ClearanceVariability": 31.761524543166757,
        "DangerViolations": 24.27346201799591,
        "DistanceToGoal": 0.0,
        "JerkPerMeter": 0.41055232773946815,
        "MinimumClearance": 0.5460777373732565,
        "NodesInPath": 3.368880422763503,
        "OptiSafeIndex": 0.6084352325351893,
        "OptimalDeviation": 0.11309000367482853,
        "PathCost": 15.786557624918208,
        "PlanningTime": 414.01468786925017,
        "SuccessRate": 1.0,
        "TurningAngle": 110.74905059468821
    },
    "RRT": {
        "AverageMinimumClearance": 1.4370362519352438,
        "ClearanceVariability": 28.38986002149436,
        "DangerViolations": 217.87565735927646,
        "DistanceToGoal": 0.5559593864119384,
        "JerkPerMeter": 0.9160548820204208,
        "MinimumClearance": 0.38721662902387277,
        "NodesInPath": 42.799799318449466,
        "OptiSafeIndex": 0.45352804836612187,
        "OptimalDeviation": 0.31537627242545985,
        "PathCost": 16.69902421592261,
        "PlanningTime": 1765.6856605684254,
        "SuccessRate": 0.7569853283503866,
        "TurningAngle": 1512.4790811282228
    },
    "SDFAStar": {
        "AverageMinimumClearance": 1.776908982192997,
        "ClearanceVariability": 21.154615815077193,
        "DangerViolations": 1006.3596529178465,
        "DistanceToGoal": 0.0,
        "JerkPerMeter": 0.2899438580534539,
        "MinimumClearance": 0.948943343742475,
        "NodesInPath": 24.726232075348488,
        "OptiSafeIndex": 0.7751259057348105,
        "OptimalDeviation": 0.10340478541440175,
        "PathCost": 16.079094034444292,
        "PlanningTime": 2103.9342496322756,
        "SuccessRate": 1.0,
        "TurningAngle": 1372.8053599786358
    },
    "SafeAStar": {
        "AverageMinimumClearance": 1.6860637964923133,
        "ClearanceVariability": 28.81844030298861,
        "DangerViolations": 184.99173526512388,
        "DistanceToGoal": 0.0,
        "JerkPerMeter": 0.19716994128526372,
        "MinimumClearance": 0.5825290144327075,
        "NodesInPath": 20.343501690754746,
        "OptiSafeIndex": 0.794343947997028,
        "OptimalDeviation": 0.03440543044942075,
        "PathCost": 14.629755186825381,
        "PlanningTime": 479.5916203457215,
        "SuccessRate": 1.0,
        "TurningAngle": 824.0558639397165
    },
    "UPP": {
        "AverageMinimumClearance": 1.532355399930488,
        "ClearanceVariability": 31.235596691251953,
        "DangerViolations": 352.43057069846407,
        "DistanceToGoal": 0.0,
        "JerkPerMeter": 0.14711368958506582,
        "MinimumClearance": 0.5764348203647511,
        "NodesInPath": 10.898017681673178,
        "OptiSafeIndex": 0.773123064172353,
        "OptimalDeviation": 0.03691259344642373,
        "PathCost": 14.491433229766482,
        "PlanningTime": 1157.2058679672405,
        "SuccessRate": 1.0,
        "TurningAngle": 401.36441528293665
    },
    "VoronoiPlanner": {
        "AverageMinimumClearance": 1.605277886700368,
        "ClearanceVariability": 25.839042125104356,
        "DangerViolations": 4.8290422605321535,
        "DistanceToGoal": 2.5884647097324462,
        "JerkPerMeter": 0.10423060181162973,
        "MinimumClearance": 0.6152709296470948,
        "NodesInPath": 2.0785211278205704,
        "OptiSafeIndex": 0.6891711044915014,
        "OptimalDeviation": -0.07073626081162288,
        "PathCost": 13.491796182304123,
        "PlanningTime": 30.008170727253866,
        "SuccessRate": 0.6143412430054563,
        "TurningAngle": 37.6347337436947
    }
}